Transect,Bank,Agaricia agaricites,Agaricia fragilis,Agaricia sp.,Agariciidae,Alcyonacea,Alcyonacea- gorgonian,Antipathes atlantica,Antipathes furcata,Antipathes sp.,Antipathidae,Aphanipathidae,Bebryce/Thesea,Callogorgia gracilis,Caryophylliidae,Chironephthya caribaea,Colpophyllia natans,DFH11-12A,Elatopathes abietina,Ellisella sp.,Ellisellidae,Helioseris cucullata,Hypnogorgia sp.,Leptogorgia sp.,Madracis asperula,Madracis auretenra,Madracis decactis,Madracis sp.,Madrepora sp.,Millepora alcicornis,Montastraea cavernosa,Mussa angulosa,Myriopathidae,Nephtheidae,Nicella sp.,Nidalidae,Oculina diffusa,Orbicella faveolata,Orbicella franksi,Oxysmilia rotundifolia,Placogorgia mirabilis,Placogorgia sp.,Plexauridae,Plumapathes pennacea,Porites astreoides,Porites sp.,Pseudodiploria strigosa,Scleracis sp.,Scleractinia,Scolymia cubensis,Scolymia sp.,Siderastrea siderea,Stephanocoenia intersepta,Stichopathes sp.,Swiftia sp.,Tanacetipathes sp.,Tanacetipathes tanacetum,Telestacea,Unid Sea Whip
201410291 - Transect 01,Bright,0,0,0,0,0,0,0,0.113913204,0,0.18985534,0,0,0,0,0,0,0,0,0,0,0,0,0,0,0,0,0.702464757,0,0,0,0,0,0,0,0,0,0,0,0,1.860582329,0,0,0,0,0,0,0,0,0,0,0,0,0,0,0,0,0,0
201410291 - Transect 02,Bright,0,0,0,0,0,0,0,0,0,0,0,0,0,0,0,0,0,0,0,0,0,0,0,0,0,0,0.43598873,0,0,0,0,0,0,0,0,0,0,0,0,0,0,0,0,0,0,0,0,0,0.022946775,0,0,0,0.022946775,0,0,0,0,0
201410291 - Transect 03,Bright,0,0,0.016919312,0,0,0,0,0,0,0.033838624,0,0,0,0,0,0,0,0,0,0,0,0,0,0,0,0,0.067677248,0,0,0,0,0,0,0,0,0,0,0,0,0,0,0,0,0,0,0,0,0,0,0,0,0,0,0,0,0,0,0
201410291 - Transect 04,Bright,0,0.019189701,0,0,0,0,0.019189701,0,0,0.038379402,0,0,0,0,0,0,0,0,0.057569102,0,0.019189701,0,0.057569102,0,0,0,0.23027641,0,0,0,0,0,0,0,0,0,0,0,0,0.019189701,0,0,0,0,0,0,0,0,0,0,0,0,0.019189701,0,0,0,0,0
201410291 - Transect 05,Bright,0,0,0,0,0,0,0.064429189,0.096643783,0.161072972,0.032214594,0,0,0,0,0,0,0,0,0,0,0,0,0.064429189,0,0,0,0.805364861,0,0,0,0,0,0,0,0,0,0,0,0,0,0,0,0,0,0,0,0,0,0,0,0,0,0,0,0,0,0,0
201410291 - Transect 06,Bright,0,0,0,0,0,0,0.024438083,0,0,0,0,0,0,0,0,0,0,0,0.244380832,0,0,0,1.759541989,0,0,0,0.024438083,0,0,0,0,0,0,0.024438083,0,0,0,0,0,0.024438083,0,0,0,0,0,0,0,0,0,0,0,0,0,0,0,0,0,0
201410291 - Transect 07,Bright,0,0,0,0,0,0,0.863730789,0.134358123,0,0.057582053,0,0,0,0,0,0,0,0,0.249522228,0,0,0.019194018,1.823431665,0,0,0,0.23032821,0,0,0,0,0,0,0.019194018,0,0,0,0,0,0.019194018,0,0.211134193,0,0,0,0,0,0,0,0,0,0,0.038388035,0,0,0.019194018,0,0
201410291 - Transect 08,Bright,0,0.01532552,0,0,0,0,0.061302082,0.061302082,0,0,0,0,0,0,0,0,0,0,0,0,0,0,0.306510408,0,0,0,0.582369776,0,0,0,0,0,0,0,0,0,0,0,0,0.291184888,0,0.01532552,0,0,0,0,0,0,0,0,0,0,0.521067694,0,0,0,0,0
201410292 - Transect 01,Bright,0,0,0,0,0,0,0.22585003,0,0,0.020531821,0,0.041063642,0,0,0,0,0,0,0,0,0.020531821,0,0.041063642,0,0,0,0.020531821,0,0,0,0,0,0,0,0,0,0,0,0,0,0,0.020531821,0,0,0,0,0,0,0,0,0,0,0,0,0,0.020531821,0,0
201410292 - Transect 02,Bright,0,0,0,0,0,0,0,0.023697859,0,0,0,0,0,0,0,0,0,0,0.023697859,0,0.023697859,0,0.047395718,0,0,0,0.047395718,0,0,0,0,0,0,0.023697859,0,0,0,0,0,0,0,0,0,0,0,0,0,0,0,0,0,0,0,0,0,0,0,0
201410292 - Transect 03,Bright,0,0,0,0,0,0,0,0,0,0,0,0,0,0,0,0,0,0,0,0,0.022868316,0,0,0,0,0,0.045736633,0,0,0,0,0,0,0,0,0,0,0,0,0,0,0,0,0,0,0,0,0,0,0,0,0,0,0,0,0,0,0
201507106 - Transect 01,Bright,0,0,0,0,0,0,0,0,0,0,0,0,0,0,0,0,0,0,0,0,0,0,0,0,0,0,1.585573459,0,0,0,0,0,0,0,0,0,0,0,0,0,0,0,0,0,0,0,0,0,0,0,0,0,0,0,0,0,0,0
201507106 - Transect 02,Bright,0,0,0,0,0,0,0,0.092066538,0,0,0,0,0,0,0,0,0,0,0,0,0,0,0,0,0,0,0,0,0,0,0,0,0,0,0,0,0,0,0,0,0,0,0,0,0,0,0,0,0,0,0,0,0.030688846,0,0,0,0,0
201507107 - Transect 01,Bright,0,0.029285263,0,0,0,0,0,0.058570527,0,0,0,0,0,0,0,0,0,0,0,0,0.029285263,0,0,0,0,0,6.559899,0,0,0,0,0,0,0,0,0,0,0,0,0,0,0,0,0,0,0,0,0,0,0,0,0,0,0,0,0,0,0
201507111 - Transect 02,Bright,0,0.054288193,0,0,0,0,0,0,0,0,0,0,0,0,0,0,0,0,0,0,0,0,0,0,0,0,0.135720482,0,0,0.027144096,0,0,0,0,0,0,0,0,0,0,0,0,0,0,0,0,0,0,0,0,0,0,0,0,0,0,0,0
201507112 - Transect 01,Bright,0,0,0,0,0,0,0,0.030363817,0,0,0,0,0,0,0,0,0,0,0.030363817,0,0,0,0,0,0,0,0,0,0,0,0,0,0,0,0,0,0,0,0,0,0,0,0,0,0,0,0,0,0,0,0,0,0,0,0,0,0,0
201507112 - Transect 02,Bright,0.027730861,0.110923444,0.027730861,0,0,0,0,0,0,0,0,0,0,0,0,0,0,0,0,0,0.027730861,0,0,0,0,0,0,0,1.802505961,0.027730861,0,0,0,0,0,0,0,0,0,0,0,0,0,0,0,0,0,0,0,0,0,0.277308609,0,0,0,0,0,0
201507112 - Transect 03,Bright,0,0,0,0,0,0,0,0.024173115,0,0.024173115,0,0,0,0,0,0,0,0,0,0,0,0,0.386769837,0,0,0,0.217558033,0,0.04834623,0,0,0,0,0,0,0,0,0,0,0,0,0,0,0,0,0,0,0,0,0,0,0,0.072519344,0,0,0,0,0
201507113 - Transect 01,Bright,0,0.073515738,0,0,0,0,0,0,0,0,0,0,0,0,0,0,0,0,0,0,0,0,0,0,0,0,1.396799026,0,0,0,0,0,0,0,0,0,0,0,0,0,0,0,0,0,0,0,0,0,0,0,0,0.269557707,0,0,0,0,0,0
EBAL03-201005183,East FGB,0,0,0,0,0,0,0,0,0,0,0.120780677,0,0,0,0,0,0,0,0,1.207806765,0,0,0,0,3.502639619,0,0,0,0,0,0,0.120780677,0,0,0,0,0,0,0,0,0,0,0,0,0,0,0,0,0,0,0,0,0,0,0,0,0,0
EBAL07-201005173,East FGB,0,0,0,0,0,0,0,0,0,0,0.522952271,0,0,0,0,0,0,0,0,0,0,0,0,0,0,0,0,0,0,0,0,0,0,0,0,0,0,0,0,0,0,0,0,0,0,0,0,0,0,0,0,0,0,0,0,0,0,0
EBAL08-201005173,East FGB,0,0,0,0,0,0,0,0,0,0,0.405073792,0,0,0,0,0,0,0,0,0,0,0,0,0,0,0,0,0,0,0,0,0,0,0,0,0,0,0,0,0,0,0,0,0,0,0,0,0,0,0,0,0,0,0,0,0,0,0
EBAL09-201005171,East FGB,0,0,0,0,0,0,0,0,0,0,0,0,0,0,0,0,0,0,0,0.943103949,0,0,0,0,1.482020492,0,0,0,0,0,0,0,0,0,0,0,0,0,0,0,0,0,0,0,0,0,0,0,0,0,0,0,0,0,0,0,0,0
EBAL13-201005171,East FGB,0,0,0.349365983,0,0,0,0,0,0.524048974,0,0,0,0,0,0,0,0,0,0,0,0.349365983,0,0,0,0.174682991,0,0,0,0,0,0,0,0,0,0,0,0,0,0,0,0,0,0,0,0,0,0,0,0,0,0,0.174682991,0,0,0,0,0,0
EBAL15-201005172,East FGB,0,0,0,0,0,0,0,0,0.154013519,0,0,0,0,0,0,0,0,0,0,0,0,0,0,0,0,0,0,0,0,0,0,0.154013519,0,0,0,0,0,0,0,0,0,0,0,0,0,0,0,0,0,0,0,0,0,0,0,0,0,0
EBAN04-201207313,East FGB,0,0,0,0,0,0,0,0,0,0,0,0,0,0,0,0,0,0,0,0,0,0,0,0,2.281191967,0,0,0,0,0,0,0,0,0,0,0,0,0,0,0,0,0,0,0,0,0,0,0,0,0,0,0,0,0,0,0,0,0
EBAN10-201207312,East FGB,0,0,0,0,0,0,0,0,0,0,0,0,0,0,0,0,0,0,0,0.770093505,0,0,0,0,1.54018701,0,0,0,0,0,0,0,0,0,0,0,0,0,0,0,0,0,0,0,0,0,0,0,0,0,0,0,0,0,0,0,0,0
EBAN16-201105162,East FGB,0,0,0,0,0,0,0,0,0,0,0,0,0,0,0,0,0,0,0,0,0,0,0,0,0,0,0,0,0,0,0,0,0,0,0,0,0,0,0,0,0,0.189217634,0,0,0,0,0,0,0,0,0,0,0.189217634,0,0,0,0,0
EBAN20-201105173,East FGB,0,0,0,0,0,0,0,0,0,0,0,0,0,0,0,0,0,0,0,0,0,0,0,0,0,0,0,0,0,0,0,0,0,0,0,0,0,0,0,0,0,0,0,0,0,0,0,0,0,0,0,0.304520914,0,0,0,0,0,0
EBAN28-201105173,East FGB,0,0,0,0,0,0,0,0,0.914340474,0,0,0,0,0,0,0,0,0,0,0.457170237,0,0,0,0,5.486042846,0,0,0,0,0,0,0,0,0,0,0,0,0,0,0,0,0,0,0,0,0,0,0,0,0,0,0,0,0,0,0,0,0
EBC01-201005212,East FGB,0,0,0,0,0,0,0,0,0,0,0,0,0,0,0,0,0,0,0,0,0,0,0,0,0,2.840982268,0,0,0.473497045,2.367485223,0,0,0,0,0,0,0,4.734970446,0,0,0,0,0,1.420491134,0,0.946994089,0,0,0,0,0,0,0,0,0,0,0,0
EBC02-201005212,East FGB,0,0,0.208348056,0,0,0,0,0,0,0,0,0,0,0,0,0.625044168,0,0,0,0,0,0,0,0,2.291828618,0,0,0,1.041740281,0.416696112,0,0,0,0,0,0,2.500176674,0.208348056,0,0,0,0,0,0.625044168,0.416696112,1.041740281,0,0,0,0,0.208348056,1.458436393,0,0,0,0,0,0
EBC03-201005212,East FGB,0,0,0,0,0,0,0,0,0,0,0,0,0,0,0,0,0,0,0,0,0,0,0,0,16.76563421,0,0,0,0,0.95803624,0,0,0,0,0,0,0.47901812,0,0,0,0,0,0,0,0,0.47901812,0,0,0,0,1.43705436,0,0,0,0,0,0,0
EBC04-201005212,East FGB,0,0,0,0,0,0,0,0,0,0,0,0,0,0,0,0,0,0,0,0,0,0,0,0,0,0,0,0,0.403911328,1.716623143,0,0,0,0,0,0,0.807822656,0,0,0,0,0,0,0.403911328,0.302933496,0,0,0,0,0,0,0.50488916,0,0,0,0,0,0
EBC05-201005212,East FGB,0,0,0.817563738,0,0,0,0,0,0,0,0,0,0,0,0,0.204390935,0,0,0,0,0,0,0,0,0,0,0,0,0,0.204390935,0,0,0,0,0,0,0.613172804,1.430736542,0,0,0,0,0,3.474645887,0,0.613172804,0,0,0,0,0.408781869,0,0,0,0,0,0,0
EBC06-201005212,East FGB,0,0,0.230272991,0,0,0,0,0,0,0,0,0,0,0,0,0.230272991,0,0,0,0,0,0,0,0,0,0,0,0,0,1.842183926,0,0,0,0,0,0,1.611910935,1.151364954,0,0,0,0,0,0.690818972,0,4.835732805,0,0,0,0,0,0,0,0,0,0,0,0
EBCA02-201005181,East FGB,0,0,0,0,0.373961397,0,0,0,1.121884191,0,0.373961397,0,0,0.373961397,0,0,0,0,0,1.495845588,0,0,0,0,0,0,0,0,0,0,0,0.373961397,0,0,0,0,0,0,0,0,0,0.747922794,0,0,0,0,0,0,0,0,0,0,2.243768382,0,0,0,0,0
EBCA03-201005181,East FGB,0,0,0,0,0,0,0,0,0,0,0.524077413,0,0,0,0,0,0,0,0,6.813006375,0,0,0,0,0,0,2.620387067,0,0,0,0,1.048154827,0,0,0,0,0,0,0,0,0,0,0,0,0,0,0,0,0,0,0,0,0.524077413,0,0,0,0,0
EBCA04-201005181,East FGB,0,0,0,0,0,0,0,0,0,0,0,0,0,0,0,0,0,0,0,2.861794701,0,0,0,0,0,0,0,0,0,0,0,0,0,0,0,0,0,0,0,0,0,0.220138054,0,0,0,0,0,0,0,0,0,0,1.10069027,0,0,0,0,0
EBCA08-201005171,East FGB,0,0,0,0,0,0,0,0,0,0,0,0,0,0,0,0,0,0,0,0,0,0,0,0,0,0,0,0,0,0.311413902,0,0,0,0,0,0,0,0,0,0,0,0,0,0,0,0,0,0,0,0,0,0.103804634,0,0,0,0,0,0
EBCA10-201005171,East FGB,0,0,0,0,0,0,0,0,0,0,0.131056031,0,0,0,0,0,0,0,0,0,0,0,0,0,0,0,0,0,0,0,0,0,0,0,0,0,0,0,0,0,0,0.131056031,0,0,0,0,0,0,0,0,0,0,0.262112062,0,0,0,0,0
EBCA10-201105162,East FGB,0,0,0,0,0,0,0,0,0,0,0,0,0,0,0,0,0,0,0,0.386919282,0,0,0,0,0,0,0,0,0,0,0,0,0,0,0,0,0,0,0,0,0,0,0,0,0,0,0,0,0,0,0,0,0,0,0,0,0,0
EBCA11-201005171,East FGB,0,0,0,0,0,0,0,0,0,0,0.430665076,0,0,0,0,0,0,0,0,1.722660304,0,0,0,0,0,0,0,0,0,0,0,0,0,0,0,0,0,0,0,0,0,0.143555025,0,0,0,0,0,0,0,0,0,0,0.287110051,0,0,0,0,0
EBCA13-201005172,East FGB,0,0,0,0,0,0,0,0,0,0,0,0,0,0,0,0,0,0,0,0,0,0,0,0,0,0,0,0,0,0,0,0,0,0,0,0,0,0,0,0,0,0.05660377,0,0,0,0,0,0,0,0,0,0,0,0,0,0,0,0
EBCA14-201005171,East FGB,0,0,0,0,0,0,0,0,0,0,0,0,0,0,0,0,0,0,0,0,0,0,0,0,0,0,0,0,0.278812058,1.394060291,0,0,0,0,0,0,0,0.023234338,0,0,0,0,0,0.209109044,0,0,0,0,0,0,0,0.882904851,0,0,0,0,0,0
EBCA15-201005172,East FGB,0,0,0,0,0,0,0,0,0,0,0,0,0,0,0,0,0,0,0,0,0,0,0,0,0,0,0,0,0,0,0,0,0,0,0,0,0,0,0,0,0,0,0,0,0,0,0,0,0,0,0,0,0.055055659,0,0,0,0,0
EBCA30-201105163,East FGB,0,0,0,0,0,0,0,0,0,0,0,0,0,0,0,0,0,0,0,0.355186747,0,0,0,0,0,0,0,0,0,0,0,0,0,0,0,0,0,0,0,0,0,0.355186747,0,0,0,0,0,0,0,0,0,0,0,0,0,0,0,0
EBCA34-201105163,East FGB,0,0,0,0,0,0,0,0,1.804427433,0,0,0,0,0,0,0,0,0,0,0,0,0,0,0,0,0,0,0,0,0,0,0,0,0,0,0,0,0,0,0,0,0,0,0,0,0,0,0,0,0,0,0,0,0,0,0,0,0
EBCA36-201105163,East FGB,0,0,0.200727428,0,0,0,0,0,0,0,0.401454856,0,0,0,0,0,0,0,0,1.405091997,0,0,0,0,0.401454856,0,0,0,0,0,0,0,0,0,0,0,0,0,0,0,0,0,0,0,0,0,0,0,0,0,0,0,0.602182285,0,0,0,0,0
EBCA38-201105163,East FGB,0,0,0,0,0,0,0,0,3.268708425,0,0.544784738,0,0,0,0,0,0,0,0,5.175455007,0,0,0,0,0,0,0,0,0,0,0,0.544784738,0,0,0,0,0,0,0,0,0,0.272392369,0,0,0,0,0,0,0,0,0,0,0.272392369,0,0,0,0,0
EBCA41-201105163,East FGB,0,0,0,0,0,0,0,0,0,0,0,0,0,0,0,0,0,0,0,0.153806987,0,0,0,0,0,0,0,0,0,0,0,0.153806987,0,0,0,0,0,0,0,0,0,0.61522795,0,0,0,0,0,0,0,0,0,0,3.845174687,0,0,0,0,0
EBCA42-201105163,East FGB,0,0,0,0,0,0,0,0,0,0,0,0,0,0,0,0,0,0,0,0.154542618,0,0,0,0,0,0,0,0,0,0,0,0,0,0,0,0,0,0,0,0,0,1.236340944,0,0,0,0,0,0,0,0,0,0,0.386356545,0,0,0,0,0
EBCA42-201207311,East FGB,0,0,0,0,0,0,0,0,0,0,0,0,0,0,0,0,0,0,0,0.682399603,0,0,0,0,0,0,0,0,0,0,0,0,0,0,0,0,0,0,0,0,0,0,0,0,0,0,0,0,0,0,0,0,0,0,0,0,0,0
EBCA43-201105163,East FGB,0,0,0,0,0,0,0,0,0,0,0.96104517,0,0,0.480522585,0,0,0,0,0,0.720783878,0,0,0,0,0,0,0,0,0,0,0,0.96104517,0,0,0,0,0,0,0,0,0,0.480522585,0,0,0,0,0,0,0,0,0,0,0.720783878,0,0,0,0,0
EBCA43-201207311,East FGB,0,0,0,0,0,0,0,0,0.604019751,0,0,0,0,0,0,0,0,0,0,0,0,0,0,0,0,0,0,0,0,0,0,0,0,0,0,0,0,0,0,0,0,0,0,0,0,0,0,0,0,0,0,0,0,0,0,0,0,0
EBCA44-201207311,East FGB,0,0,0,0,0,0,0,0,0.513187739,0,0,0,0,0,0,0,0,0,0,0,0,0,0,0,0,0,0,0,0,0,0,0,0,0,0,0,0,0,0,0,0,0,0,0,0,0,0,0,0,0,0,0,0,0,0,0,0,0
EBCA45-201105163,East FGB,0,0,0,0,0,0,0,0,1.189798789,0,0,0,0,0.396599596,0,0,0,0,0,11.1047887,0,0,0,0,0,0,0,0,0,0,0,0.396599596,0,0,0,0,0,0,0,0,0,5.552394348,0,0,0,0,0,0,0,0,0,0,5.948993945,0,0,0,0,0
EBCA45-201207305,East FGB,0,0,0,0,0,0,0,0,0.947616697,0,0,0,0,0,0,0,0,0,0,0,0,0,0,0,0,0,0,0,0,0,0,0,0,0,0,0,0,0,0,0,0,0,0,0,0,0,0,0,0,0,0,0,0,0,0,0,0,0
EBCA46-201207305,East FGB,0,0,0,0,0,0,0,0,0.451149787,0,0,0,0,0,0,0,0,0,0,0,0,0,0,0,0,0,0,0,0,0,0,0,0,0,0,0,0,0,0,0,0,0,0,0,0,0,0,0,0,0,0,0,0,0,0,0,0,0
EBCA49-201207305,East FGB,0,0,0,0,0,0,0,0,0,0,0,0,0,0,0,0,0,0,0,0.787217403,0,0,0,0,0,0,0,0,0,0,0,0,0,0,0,0,0,0,0,0,0,0,0,0,0,0,0,0,0,0,0,0,0,0,0,0,0,0
EBCA50-201207303,East FGB,0,0,0,0,0,0,0,0,0,0,0,0,0,0,0,0,0,0,0,0.859597681,0,0,0,0,0,0,0,0,0,0,0,0,0,0,0,0,0,0,0,0,0,0,0,0,0,0,0,0,0,0,0,0,6.01718377,0,0,0,0,0
EBCA54-201207302,East FGB,0,0,0,0,0,0,0,0,0,0,0,0,0,0.33989577,0,0,0,0,0,2.719166161,0,0,0,0,0,0,0,0,0,0,0,0.33989577,0,0,0,0,0,0,0,0,0,4.418645011,0,0,0,0,0,0,0,0,0,0,0.33989577,0,0,0,0.67979154,0
EBCA56-201207302,East FGB,0,0,0,0,0,0,0,0,0.313891109,0,0.313891109,0,0,0,0,0,0,0,0,3.138911085,0,0,0,0,0.313891109,0,0,0,0,0,0,0,0,0,0,0,0,0,0,0,0,4.708366628,0,0,0,0,0,0.627782217,0,0,0,0,1.255564434,0,0,0,0,0
EBCA57-201207302,East FGB,0,0,0,0,0,0,0,0,0,0,0,0,0,0,0,0,0,0,0,1.061430367,0,0,0,0,0,0,0,0,0,0,0,0,0,0,0,0,0,0,0,0,0,7.430012572,0,0,0,0,0,0,0,0,0,0,0,0,0,0,0.530715184,0
EBCA59-201207302,East FGB,0,0,0,0,0,0,0,0,0,0,0,0,0,0,0,0,0,0,0,1.000544266,0,0,0,0,0,0,0,0,0,0,0,0,0,0,0,0,0,0,0,0,0,0.500272133,0,0,0,0,0,0,0,0,0,0,0,0,0,0,0,0
EBCA60-201207302,East FGB,0,0,0,0,0,0,0,0,0,0,0,0,0,0,0,0,0,0,0,3.370432535,0,0,0,0,0,0,0,0,0,0,0,0.481490362,0,0,0,0,0,0,0,0,0,4.333413259,0,0,0,0,0,0,0,0,0,0,0,0,0,0,0,0
EBDC00-201105161,East FGB,0,0,0,0,0,0,0,0,0,0,0.214973985,0,0,0.107486992,0,0,0,0,0,0.107486992,0,0,0,0,0,0,0,0,0,0,0,0.107486992,0,0,0,0,0,0,0,0,0,0,0,0,0,0,0,0,0,0,0,0,0,0,0,0,0,0
EBDC01-201005184,East FGB,0,0,0,0,0,0,0,0,0.856928989,0,0.428464495,0,0,0,0,0,0,0,0,0.856928989,0,0,0,0,0,0,0,0,0,0,0,1.285393484,0,0,0,0,0,0,0,0,0,0.214232247,0,0,0,0,0,0,0,0,0,0,0.642696742,0,0,0,0,0
EBDC01-201105161,East FGB,0,0,0,0,0,0,0,0,0.118792275,0,0,0,0,0,0,0,0,0,0,0,0,0,0,0,0,0,0,0,0,0,0,0,0,0,0,0,0,0,0,0,0,0.23758455,0,0,0,0,0,0,0,0,0,0,0,0,0,0,0,0
EBDC02-201005184,East FGB,0,0,0,0,0,0,0,0,0,0,1.297924551,0,0,0.353979423,0,0,0,0,0,0.825951987,0,0,0,0,0,0,0,0,0,0,0,0.589965705,0,0,0,0,0,0,0,0,0,0.707958846,0,0,0,0,0,0,0,0,0,0,0.825951987,0,0,0,0,0
EBDC02-201105161,East FGB,0,0,0,0,0,0,0,0,0,0,0,0,0,0.781736704,0,0,0,0,0,0.156347341,0,0,0,0,0,0,0,0.156347341,0,0,0,0,0,0,0,0,0,0,0,0,0,0,0,0,0,0,0,0,0,0.156347341,0,0,0,0,0,0,0,0
EBDC03-201005182,East FGB,0,0,0,0,0.468683,0,0,0,0.468683,0,0.937366001,0,0,0,0,0,0,0,0,2.343415002,0,0,0,0,0,0,0,0,0,0,0,0.468683,0,0,0.2343415,0,0,0,0,0,0,0.7030245,0,0,0,0,0,0,0,0,0,0,0.7030245,0,0,0,0,0
EBDC04-201005182,East FGB,0,0,0,0,0,0,0,0,0.433410093,0,0,0,0,0,0,0,0,0,0,0,0,0,0,0,0,0,0,0,0,0,0,0.866820186,0,0,0,0,0,0,0,0,0,0,0,0,0,0,0,0,0,0,0,0,0.433410093,0,0,0,0,0
EBDC05-201005184,East FGB,0,0,0,0,0,0,0,0,0,0,1.321040436,0,0,0.264208087,0,0,0,0,0,0.132104044,0,0,0,0,0,0,0.132104044,0,0,0,0,1.056832348,0,0,0,0,0,0,0,0,0,0.264208087,0,0,0,0,0,0,0,0,0,0,0,0,0,0,0,0
EBDC05-201105161,East FGB,0,0,0,0,0,0,0,0,0.294367292,0,0,0,0,0,0,0,0,0,0,0,0,0,0,0,0,0,0,0,0,0,0,0,0,0,0,0,0,0,0,0,0,0.147183646,0,0,0,0,0,0,0,0,0,0,0.294367292,0,0,0,0,0
EBDC06-201005181,East FGB,0,0,0,0,0,0,0,0,0,0,0,0,0,0,0,0,0,0,0,0,0,0,0,0,0,0,0,0,0,0,0,0,0,0,0,0,0,0,0,0,0,0,0,0,0,0,0,0,0,0,0,0,0.54864925,0,0,0,0,0
EBDC08-201005181,East FGB,0,0,0,0,0,0,0,0,0.526099563,0,0.789149344,0,0,0,0,0,0,0,0,1.052199125,0,0,0,0,0,0,0,0,0,0,0,0,0,0,0,0,0,0,0,0,0,0.263049781,0,0,0,0,0,0,0,0,0,0,1.052199125,0,0,0,0,0
EBDC46-201105163,East FGB,0,0,0,0,0,0,0,0,0,0,0,0,0,0,0,0,0,0,0,1.000721136,0,0,0,0,0,0,0,0,0,0,0,0,0,0,0,0,0,0,0,0,0,0.333573712,0,0,0,0,0,0,0,0,0,0,0,0,0,0,0,0
EBDC47-201105171,East FGB,0,0,0,0,0,0,0,0,0.533197182,0,0,0,0,0,0,0,0,0,0,0,0,0,0,0,0,0,0,0,0,0,0,0.106639436,0,0,0,0,0,0,0,0,0,0.106639436,0,0,0,0,0,0,0,0,0,0,2.452707036,0,0,0,0,0
EBDC49-201105163,East FGB,0,0,0,0,0,0,0,0,1.415375278,0,0,0,0,0,0,0,0,0,0,0,0,0,0,0,0,0,0,0,0,0,0,0,0,0,0,0,0,0,0,0,0,0,0,0,0,0,0,0,0,0,0,0,4.246125835,0,0,0,0,0
EBDC50-201105171,East FGB,0,0,0,0,0,0,0,0,0.856104427,0,0,0,0,0,0,0,0,0,0,0,0,0,0,0,0,0,0,0.428052213,0,0,0,0,0,0,0,0,0,0,0,0,0,0.856104427,0,0,0,0,0,0,0,0,0,0,0.856104427,0,0,0,0,0
EBDC51-201105163,East FGB,0,0,0,0,0,0,0,0,0,0,0,0,0,0,0,0,0,0,0,0,0,0,0,0,0,0,0,0,0,0,0,0,0,0,0,0,0,0,0,0,0,0.416550338,0,0,0,0,0,0,0,0,0,0,3.332402704,0,0,0,0,0
EBDC53-201105172,East FGB,0,0,0,0,0,0,0,0,0,0,0,0,0,0,0,0,0,0,0,0,0,0,0,0,0,0,0,0,0,0,0,0,0,0,0,0,0,0,0,0,0,0,0,0,0,0,0,0,0,0,0,0,0.835263146,0,0,0,0,0
EBDC54-201105172,East FGB,0,0,0,0,0,0,0,0,0,0,0,0,0,0,0,0,0,0,0,0,0,0,0,0,0,0,0,0,0,0,0,0,0,0,0,0,0,0,0,0,0,1.16681202,0,0,0,0,0,0,0,0,0,0,1.16681202,0,0,0,0,0
EBDC61-201208027,East FGB,0,0,0,0,0,0,0,0,0,0,0,0,0,0.204926776,0,0,0,0,0,2.049267758,0,0,0,0.614780327,0,0,0.204926776,0.409853552,0,0,0,1.229560655,0.204926776,0,0,0,0,0,0,0,0,1.844340982,0,0,0,0,0,0,0,0,0,0,1.024633879,0,0,0,0,0
EBDC62-201208027,East FGB,0,0,0,0,0,0,0,0,0.24742741,0,2.226846693,0,0,0.371141115,0,0,0,0,0,3.092842629,0,0,0,0,0,0,0,0,0,0,0,1.237137052,0.123713705,0,0,0,0,0,0,0,0,1.979419282,0,0,0,0,0,0,0,0,0,0,0.371141115,0,0,0,0.24742741,0
EBDC65-201208026,East FGB,0,0,0,0,0,0,0,0,0,0,0,0,0,0,0,0,0,0,0,3.78104022,0,0,0,0,0,0,0,0,0,0,0,0,0,0,0,0,0,0,0,0,0,5.401486029,0,0,0,0,0,0,0,0,0,0,1.620445809,0,0,0,0,0
EBDC66-201208026,East FGB,0,0,0,0,0,0,0,0,1.151265454,0,0.895428686,0,0,0.127918384,0,0,0,0,0,1.02334707,0,0,0,0,0,0,0,0,0,0,0,2.04669414,0,0,0,0,0,0,0,0,0,1.407102221,0,0,0,0,0,0,0,0,0,0,1.02334707,0,0,0,0,0
EBDC70-201208024,East FGB,0,0,0,0,0,0,0,0,2.021137798,0,1.943401728,0,0,0.310944277,0,0,0,0,0,1.632457452,0,0,0,0.155472138,0.155472138,0,0.077736069,0,0,0,0,2.332082074,0.310944277,0,0.077736069,0,0,0,0,0,0,4.275483803,0,0,0,0,0,0,0,0,0,0,0.233208207,0,0,0,0,0
EBDC71-201208025,East FGB,0,0,0,0,0,0,0,0,0.135484519,0,4.064535574,0,0,0.270969038,0,0,0,0,0,0.948391634,0,0,0,0.541938077,0.135484519,0,0,0,0,0,0,2.845174902,0.135484519,0,0,0,0,0,0,0,0,3.11614394,0,0,0,0,0,0,0,0,0,0,0.541938077,0,0,0,0,0
EBDC73-201208023,East FGB,0,0,0,0,0,0,0,0,0.749311873,0,0,0,0,0,0,0,0,0,0,1.248853122,0,0,0,0,0,0,0,0,0,0,0,0,0,0,0,0,0,0,0,0,0,0,0,0,0,0,0,0,0,0,0,0,0.749311873,0,0,0,0,0
EBDC74-201208022,East FGB,0,0,0,0,0,0,0,0,0.36557457,0,0,0,0,0,0,0,0,0,0,0,0,0,0,0,0,0,0,0,0,0,0,0,0,0,0,0,0,0,0,0,0,0,0,0,0,0,0,0,0,0,0,0,7.311491391,0,0,0,0,0
EBDC75-201207302,East FGB,0,0,0,0,0,0,0,0,0,0,0,0,0,1.312667226,0,0,0,0,0,9.188670579,0,0,0,0,0,0,0,0,0,0,0,0,0,0,0,0,0,0,0,0,0,11.81400503,0,0,0,0,0,0,0,0,0,0,0,0,0,0,0,0
EBDC76-201207302,East FGB,0,0,0,0,0,0,0,0,0,0,0,0,0,0,0,0,0,0,0,0,0,0,0,0,0,0,0,0,0,0,0,0,0,0,0,0,0,0,0,0,0,3.330774876,0,0,0,0,0,0,0,0,0,0,0,0,0,0,0,0
EBDC77-201207304,East FGB,0,0,0,0,0,0,0,0,5.716330082,0,1.039332742,0,0,0,0,0,0,0,0,12.47199291,0,0,0,0,0,0,0,0,0,0,0,0,0,0,0,0,0,0,0,0,0,1.558999113,0,0,0,0,0,0,0,0,0,0,1.039332742,0,0,0,0.519666371,0
EBDC78-201207304,East FGB,0,0,0,0,0,0,0,0,0,0,0,0,0,0.460923035,0,0,0,0,0,0,0,0,0,0,0,0,0.460923035,0,0,0,0,0,0,0,0,0,0,0,0,0,0,3.226461245,0,0,0,0,0,0,0,0,0,0,0.460923035,0,0,0,0,0
EBDC79-201207301,East FGB,0,0,0,0,0,0,0,0,1.425813281,0,0,0,0,0.475271094,0,0,0,0,0,2.851626562,0,0,0,0,0,0,0.475271094,0,0,0,0,0.475271094,0.475271094,0,0,0,0,0,0,0,0,6.178524218,0,0,0,0,0,0,0,0,0,0,0,0,0,0,0,0
EBDC80-201207301,East FGB,0,0,0,0,0,0,0,0,0.302942328,0,2.423538621,0,0,0.302942328,0,0,0,0,0,0.605884655,0,0,0,0,0,0,0,0.302942328,0,0,0,1.211769311,0.908826983,0,0,0,0,0,0,0,0,0.605884655,0,0,0,0,0,0.605884655,0,0,0,0,0,0,0,0,0,0
EBDC82-201207301,East FGB,0,0,0,0,0,0,0,0,0,0,0,0,0,0,0,0,0,0,0,0,0,0,0,0,0,0,0,0,0,0,0,0,0,0,0,0,0,0,0,0,0,0,0,0,0,0,0,0,0,0,0,0,0.594025872,0,0,0,0,0
EBDC83-201207301,East FGB,0,0,0,0,0,0,0,0,0.904537451,0,0,0,0,0,0,0,0,0,0,0,0,0,0,0,0,0,0,0,0,0,0,0,0,0,0,0,0,0,0,0,0,0,0,0,0,0,0,0,0,0,0,0,8.743862027,0,0,0,0,0
EBDC84-201207301,East FGB,0,0,0,0,0,0,0,0,0,0,0,0,0,0,0,0,0,0,0,0.76126217,0,0,0,0,0,0,0,0,0,0,0,0,0,0,0,0,0,0,0,0,0,0,0,0,0,0,0,0,0,0,0,0,1.522524339,0,0,0,0,0
EBSB15-201005172,East FGB,0,0,0,0,0.147091826,0,0,0,0.147091826,0,1.323826436,0,0,0,0,0,0,0,0,1.176734609,0,0,0,0,0,0,0,0,0,0,0,0,0,0,0,0,0,0,0,0,0,0,0,0,0,0,0,0,0,0,0,0,1.618010088,0,0,0,0,0
EBSB35-201105163,East FGB,0,0,0,0,0,0,0,0,0.303343993,0,0,0,0,0,0,0,0,0,0,0,0,0,0,0,0,0,0,0,0,0,0,0,0,0,0,0,0,0,0,0,0,0,0,0,0,0,0,0,0,0,0,0,0,0,0,0,0,0
201507091 - Transect 01,Geyer,0,0,0,0,0,0,0.087753603,0,0,0.029251201,0,0,0,0,0,0,0,0,0,0,0,0,1.433308849,0,0,0,11.14470758,0,0,0,0,0.029251201,0,1.17004804,0,0,0,0,0,0,0,6.727776228,0,0,0,0,0,0,0,0,0,0,1.374806447,0,0,0,0,0
201507091 - Transect 02,Geyer,0,0,0,0,0,0,0.153338711,0.061335484,0,0.030667742,0,0,0,0,0,0,0,0,0.276009679,0,0,0,0.276009679,0,0,0,0,0,0,0,0,0,0,0,0,0,0,0,0,0,0,0.184006453,0,0,0,0,0,0,0,0,0,0,0.153338711,0,0,0,0,0
201507091 - Transect 03,Geyer,0,0,0,0,0,0,0,0,0,0,0,0,0,0,0,0,0,0,0,0,0,0,0.396184749,0,0,0,21.92222277,0,0,0,0,0,0,0.198092374,0,0,0,0,0,0,0,2.146000723,0,0,0,0,0,0,0,0,0,0,0.099046187,0,0,0,0,0
201507091 - Transect 04,Geyer,0,0,0,0,0,0,0.144887075,0,0,0.028977415,0,0,0,0,0,0,0,0,0.05795483,0,0,0,0.289774149,0,0,0,0,0,0,0,0,0,0,0,0,0,0,0,0,0,0,0,0,0,0,0,0,0,0,0,0,0,0.202841904,0,0,0,0,0
201507091 - Transect 05,Geyer,0,0,0,0,0,0,0.02579283,0,0,0.180549809,0,0,0,0,0,0,0,0,0,0,0,0,0.077378489,0,0,0,0,0,0,0,0,0,0,0,0,0,0,0,0,0,0,0,0,0,0,0,0,0,0,0,0,0,0.05158566,0,0,0,0,0
201507091 - Transect 06,Geyer,0,0.026752656,0,0,0,0,0.775827032,0.080257969,0,0.64206375,0,0,0,0,0,0,0,0,0.026752656,0,0,0,0.321031875,0,0,0,0.053505313,0,0,0,0,0,0,0,0,0,0,0,0,0,0,0.187268594,0,0,0,0,0,0,0,0,0,0,0,0,0,0.053505313,0,0
201507091 - Transect 07,Geyer,0,0.087759132,0,0,0,0,0.234024351,0,0,1.287133931,0,0,0,0,0,0,0,0,0,0,0,0,0.175518263,0,0,0,0.058506088,0,0,0,0,0,0,0,0,0,0,0,0,0,0,0,0,0,0,0,0,0,0,0,0,0,0.175518263,0,0,0.058506088,0,0
201507091 - Transect 08,Geyer,0,0,0,0,0,0,0,0.342270198,0,0.684540396,0,0,0,0,0,0,0,0,0.155577363,0,0,0,0.311154725,0,0,0,0.933464176,0,0,0,0,0,0,0.031115473,0,0,0,0,0,0,0.311154725,1.96027477,0,0,0,0,0,0,0,0,0,0,0.684540396,0.093346418,0,0.031115473,0,0
201507091 - Transect 09,Geyer,0,0,0,0,0,0,0.027438051,0.137190257,0,0.246942463,0,0,0,0,0,0,0,0,0,0,0,0,0,0,0,0,0.219504411,0,0,0,0,0,0,0,0,0,0,0,0,0,0,0.109752206,0,0,0,0,0,0,0,0,0,0,0.878017645,0,0,0,0,0
201507092 - Transect 01,Geyer,0,0,0,0,0,0,0,0,0,0,0,0,0,0,0,0,0,0,0,0,0,0,0.05999896,0,0,0,0.08999844,0,0,0,0,0,0,0,0,0,0,0,0.02999948,0,0.02999948,0.02999948,0,0,0,0,0,0,0,0,0,0,0.689988036,0,0,0,0,0
201507092 - Transect 02,Geyer,0,0,0,0,0,0,0,0,0,0,0,0,0,0,0,0,0,0,0,0,0,0,0,0,0,0,0.032103463,0,0,0,0,0,0,0,0,0,0,0,0,0,0,0,0,0,0,0,0,0,0,0,0,0,0.256827706,0,0,0,0,0
201507092 - Transect 03,Geyer,0,0,0,0,0,0,0,0,0,0,0,0,0,0,0,0,0,0,0,0,0,0,0,0,0,0,0.027864571,0,0,0,0,0,0,0,0,0,0,0,0,0,0,0,0,0,0,0,0,0,0,0,0,0,1.058853708,0,0,0.027864571,0,0
201507092 - Transect 04,Geyer,0,0,0,0,0,0,0,0.018513545,0,0.388784452,0,0,0,0,0,0,0,0,0.074054181,0,0,0,0,0,0,0,0.055540636,0,0,0,0,0,0,0,0,0,0,0,0,0,0,0,0,0,0,0,0,0,0,0,0,0,0,0,0.018513545,0.092567727,0,0
201507092 - Transect 05,Geyer,0,0,0,0,0,0,0.025899827,0.051799653,0,0.15539896,0,0,0,0,0,0,0,0,0,0,0,0,0,0,0,0,0.103599306,0,0,0,0,0,0,0,0,0,0,0,0,0,2.58998266,0,0,0,0,0,0,0,0,0,0,0,0.025899827,0,0,0,0,0
201507092 - Transect 06,Geyer,0,0,0,0,0,0,0.580356127,0.252328751,0,0.580356127,0,0,0,0,0,0,0,0,0.126164375,0,0,0,0.05046575,0,0,0,0,0,0,0,0,0,0,0,0,0,0,0,0,0,0,0,0,0,0,0,0,0,0,0,0,0,0.025232875,0,0.151397251,0.025232875,0,0.05046575
201507092 - Transect 07,Geyer,0,0,0,0.026820832,0,0,0.804624956,0,0,0.509595806,0,0,0,0,0,0,0,0,0.026820832,0,0,0,0,0,0,0,0.965549948,0,0,0,0,0,0,0.026820832,0,0,0,0,0,0,1.28739993,0,0,0,0,0,0,0,0,0,0,0,0.080462496,0,0,0.026820832,0,0
201507092 - Transect 08,Geyer,0,0,0,0,0,0,0,0.025188109,0,0.100752435,0,0,0,0,0,0,0,0,0.025188109,0,0,0,0.352633524,0,0,0,1.637227074,0,0,0.025188109,0,0,0,0.100752435,0,0,0,0,0,0,0.226692979,0,0,0,0,0,0,0,0,0,0,0,0,0,0,0,0,0
201507093 - Transect 01,Geyer,0,0,0,0,0,0,0,0.026043132,0,0,0,0,0,0,0,0,0,0,0.156258791,0,0,0,0.312517582,0,0,0,0.234388186,0,0,0,0,0,0,0,0,0,0,0,0,0,0,0,0,0,0,0,0,0,0,0,0,0,0.104172527,0,0,0,0,0
201507093 - Transect 02,Geyer,0,0,0,0.02649544,0,0,0,0.02649544,0,0,0,0,0,0,0,0,0,0,0,0,0,0,0,0,0,0,0,0,0,0,0,0,0,0,0,0,0,0,0,0,0,0,0,0,0,0,0,0,0,0,0,0,0.185468078,0,0,0,0,0
201507093 - Transect 03,Geyer,0,0,0,0,0,0,0,0,0,0,0,0,0,0,0,0,0,0,0,0,0,0,0,0,0,0,0.02716242,0,0,0,0,0,0,0,0,0,0,0,0,0,0,0,0,0,0,0,0,0,0,0,0,0,0,0,0,0.02716242,0,0
201507093 - Transect 04,Geyer,0,0,0,0,0,0,0,0.190889581,0,0,0,0,0,0,0,0,0,0,0,0,0,0,0,0,0,0,0,0,0,0,0,0,0,0,0,0,0,0,0,0,0,0.03181493,0,0,0,0,0,0,0,0,0,0,10.24440751,0,0.03181493,0.03181493,0,0
201507101 - Transect 01,Geyer,0,0,0,0,0,0,0.021936354,0.021936354,0,0.965199576,0,0,0,0,0,0,0,0,0.021936354,0,0,0,0.21936354,0,0,0,0.021936354,0,0,0,0,0,0,0,0,0,0,0,0,0,0,0.065809062,0,0,0,0,0,0,0,0,0,0,0.263236248,0,0,0.10968177,0,0
201507101 - Transect 02,Geyer,0,0,0,0,0,0,0.029882692,0.119530768,0,0.597653842,0,0,0,0,0,0,0,0,0,0,0,0,0.089648076,0,0,0,0,0,0,0,0,0,0,0,0,0,0,0,0,0,0,0,0,0,0,0,0,0,0,0,0,0,0.268944229,0.298826921,0,0.029882692,0,0
201507101 - Transect 03,Geyer,0,0,0,0,0,0,0,0.053066176,0,0,0,0,0,0,0,0,0,0,0,0,0,0,0.265330879,0,0,0,1.830783062,0,0,0,0,0,0,0,0,0,0,0,0,0,0,0,0,0,0,0,0,0,0,0,0,0,0.026533088,0,0,0,0,0
201507102 - Transect 01,Geyer,0,0,0,0,0,0,0,0.052364205,0,0,0,0,0,0,0,0,0,0,0,0,0,0,0.157092616,0,0,0,0,0,0,0,0,0,0,0,0,0,0,0,0,0,0,0,0,0,0,0,0,0,0,0,0,0,8.45681917,0,0,0.209456822,0,0
201507102 - Transect 02,Geyer,0,0.024231606,0,0,0,0,0.169621243,0.266547668,0,0.266547668,0,0,0,0,0,0,0,0,1.890065283,0,0,0,0.169621243,0,0,0,14.68435335,0,0,0,0,0,0,0.024231606,0,0,0,0,0,0,0,0,0,0,0,0,0,0,0,0,0,0,0.121158031,0.024231606,0,0,0,0
201507103 - Transect 01,Geyer,0,0,0,0,0,0,0.053090297,0,0,2.335973055,0,0,0,0,0,0,0,0,0,0,0,0,0,0,0,0,0,0,0,0,0,0,0,0,0,0,0,0,0,0,0,0,0,0,0,0,0,0,0,0,0,0,0.929080193,0,0,0.345086929,0,0
201507104 - Transect 01,Geyer,0,0,0,0,0,0,0,0,0,0.091553718,0,0,0,0,0,0,0,0,0,0,0,0,0,0,0,0,0,0,0,0,0,0,0,0,0,0,0,0,0,0,0,0,0.061035812,0,0,0,0,0,0,0,0,0,0,0,0.061035812,0,0,0
201507105 - Transect 01,Geyer,0,0,0,0,0,0,0.076367248,0,0,0.280013241,0,0,0,0,0,0,0,0,0,0,0,0,0,0,0,0,0,0,0,0,0,0,0,0,0,0,0,0,0,0,0,0,0,0,0,0,0,0,0,0,0,0,0,0,0.025455749,0,0,0
201410271 - Transect 01,McGrail,0,0,0,0,0,0,0,0,0,0.214199412,0,0,0,0,0,0,0,0,0,0,0,0,0,0,0,0,0,0,0,0,0,0,0,0,0,0,0,0,0,0,0,0,0,0,0,0,0,0,0,0,0,0,2.927391961,0,0,0,0,0
201410271 - Transect 02,McGrail,0,0,0,0,0,0,0.524201604,0.285928148,0,0.047654691,0,0,0,0,0,0,0,0,0.047654691,0,0,0,0.762475061,0,0,0,0.047654691,0,0,0,0,0,0,0.047654691,0,0,0,0,0,0,0,0,0,0,0,0,0,0,0,0,0,0,1.000748517,0,0,0.047654691,0,0
201410271 - Transect 03,McGrail,0,0,0,0,0,0,0.163929309,0.229501033,0,0.131143448,0,0,0,0,0,0,0,0,0.032785862,0,0,0,0.032785862,0,0,0,1.278648614,0,0,0,0,0,0,0,0,0,0,0,0,0,0,0,0,0,0,0,0,0,0,0,0,0,0.163929309,0,0,0,0,0
201410271 - Transect 04,McGrail,0,0,0,0,0,0,0.054287898,0,0,0.027143949,0,0,0,0,0,0,0,0,0.054287898,0,0.081431847,0,0,0,0,0,0,0,0,0,0,0,0,0,0,0,0,0,0,0,0,0,0,0,0,0,0,0,0,0,0,0,0.027143949,0,0,0.027143949,0,0
201410271 - Transect 05,McGrail,0,0,0,0,0,0,0.034982357,0,0,0,0,0,0,0,0,0,0,0,0.017491178,0,0.017491178,0,0.017491178,0,0,0,0,0,0,0,0,0,0,0,0,0,0,0,0,0,0,0,0,0,0,0,0,0,0,0,0,0,0,0,0,0,0,0
201410271 - Transect 06,McGrail,0,0,0,0,0,0,0.020867595,0.146073164,0,0,0,0,0,0,0,0,0,0,0,0,0.020867595,0,0,0,0,0,0.166940759,0,0,0,0,0,0,0,0,0,0,0,0,0,0,0,0,0,0,0,0,0,0,0,0,0,0.04173519,0,0,0,0,0
201410271 - Transect 07,McGrail,0,0,0,0,0,0,0.013899192,0.097294345,0,0,0,0,0,0,0,0,0,0,0,0,0,0,0.013899192,0,0,0,0.013899192,0,0,0,0,0,0,0.013899192,0,0,0,0,0,0,0,0,0,0,0,0,0,0,0,0,0,0,3.752781869,0,0,0.013899192,0,0
201410271 - Transect 08,McGrail,0,0,0,0,0,0,0.182561721,0.101423178,0,0,0,0,0,0,0,0,0,0,0,0,0.040569271,0,0.020284636,0,0,0,0.040569271,0,0,0,0,0,0,0,0,0,0,0,0,0,0,0,0,0,0,0,0,0,0,0,0,0,0.344838806,0,0,0.283984899,0,0
201410271 - Transect 09,McGrail,0,0,0,0,0,0,0,0.102422847,0,0,0,0,0,0,0,0,0,0,0.017070475,0,0,0,0.034140949,0,0,0,0,0,0,0,0,0,0,0,0,0,0,0,0,0,0,0,0,0,0,0,0,0,0,0,0,0,0.40969139,0,0,0.017070475,0,0
201410271 - Transect 10,McGrail,0,0,0,0,0,0,0.206180437,0.556687179,0,0,0,0,0,0,0,0,0,0,0,0,0,0,0,0,0,0,5.979232665,0,0,0,0,0,0,0,0,0,0,0,0,0,0,0,0,0,0,0,0,0,0,0,0,0,0,0,0,0,0,0
201410271 - Transect 11,McGrail,0,0,0,0,0,0,0.038802124,0,0,0,0,0,0,0,0,0,0,0,0,0,0,0,0,0,0,0,0.012934041,0,0,0,0,0,0,0,0,0,0,0,0,0,0,0.051736165,0,0,0,0,0,0,0,0,0,0,0,0,0,0.245746786,0,0
201410272 - Transect 01,McGrail,0,0,0,0,0,0,0.174953218,0.583177395,0,0,0,0,0,0,0,0,0,0,0,0,0,0,0,0,0,0,6.648222301,0,0,0,0,0,0,0,0,0,0,0,0,0,0,0,0,0,0,0,0,0,0,0,0,0,0.174953218,0,0,0,0,0
201410272 - Transect 02,McGrail,0,0,0,0,0,0,0.145576918,0.644697781,0,0,0,0,0,0,0,0,0,0,0.020796703,0,0,0,1.081428537,0,0,0,10.85587877,0,0,0,0,0,0,0,0,0,0,0,0,0,0,0,0,0,0,0,0,0,0,0,0,0,0,0,0,0,0,0
201410272 - Transect 03,McGrail,0,0,0,0,0,0,0,0,0,0,0,0,0,0,0,0,0,0,0,0,0,0,0,0,0,0,0.965180727,0,0,0,0,0,0,0,0,0,0,0,0,0,0,0,0,0,0,0,0,0,0,0,0,0,0,0,0,0,0,0
201410272 - Transect 04,McGrail,0,0,0,0,0,0,0,0,0,0.017789184,0,0,0,0,0,0,0,0,0,0,0.035578368,0,0,0,0,0,0,0,0.142313472,0,0,0,0,0,0,0,0,0,0,0,0,0,0,0,0,0,0,0,0,0,0,0.515886335,0,0,0,0,0,0
201410272 - Transect 05,McGrail,0,0.020860548,0,0.020860548,0,0,0.041721096,0,0,0,0,0,0,0,0,0,0,0,0,0,0,0,0,0,0.020860548,0,0.208605479,0,0.020860548,0,0,0,0,0,0,0,0,0,0,0,0,0,0,0,0,0,0,0,0,0,0,0.083442191,0,0,0,0,0,0
201410272 - Transect 06,McGrail,0,0,0,0,0,0,0,0,0,0,0,0,0,0,0,0,0,0,0,0,0,0,0,0,0,0,0.541541194,0,0,0,0,0,0,0,0,0,0,0,0,0,0,0,0,0,0,0,0,0,0,0,0,0,0,0,0,0,0,0
201410272 - Transect 07,McGrail,0,0,0,0,0,0,0.059732144,0.019910715,0,0,0,0,0,0,0,0,0,0,0,0,0,0,0,0,0,0,0.975625016,0,0,0,0,0,0,0,0,0,0,0,0,0,0,0,0,0,0,0,0,0,0,0,0,0,0.019910715,0,0,0,0,0
201410272 - Transect 08,McGrail,0,0.024090911,0,0,0,0,0.91545462,0,0,0,0,0,0,0,0,0,0.024090911,0,0,0,0,0,0,0,0,0,0.45772731,0,0,0,0,0,0,0,0,0,0,0,0,0,0,0,0,0,0,0,0,0,0,0,0,0,0.024090911,0,0,0,0,0
201410272 - Transect 09,McGrail,0,0.023042017,0,0,0,0,0,0,0,0,0,0,0,0,0,0,0,0,0,0,0,0,0,0,0,0,1.589899165,0,0,0,0,0,0,0,0,0,0,0,0,0,0,0,0,0,0,0,0,0,0,0,0,0,0,0,0,0,0,0
201410272 - Transect 10,McGrail,0,0,0,0,0,0,0,0,0,0,0,0,0,0,0,0,0,0,0,0,0,0,0,0,0,0,0.426650841,0,0,0,0,0,0,0,0,0,0,0,0,0,0,0,0,0,0,0,0,0,0,0,0,0,0.017066034,0,0,0,0,0
201410281 - Transect 01,McGrail,0,0,0,0,0,0.022251166,0,0,0,0,0,0,0,0,0,0,0,0.022251166,0.022251166,0,0,0,0,0,0,0,0.022251166,0,0,0,0,0,0,0.044502333,0,0,0,0,0.044502333,0,0,0,0,0,0,0,0,0,0,0,0,0,0,0,0,0,0,0
201410281 - Transect 02,McGrail,0,0,0,0,0,0.035021267,0,0.105063802,0,0,0,0,0,0,0,0,0,0,0,0,0,0,0,0,0,0,0,0,0,0,0,0,0,0.035021267,0,0,0,0,0,0,0,0,0,0,0,0,0,0,0,0,0,0,0.945574216,0,0,0,0,0
201410281 - Transect 03,McGrail,0,0,0,0,0,0.086727228,0,0.043363614,0,0,0,0,0,0,0,0,0,0.021681807,0.108409035,0,0,0,0.021681807,0,0,0,0.021681807,0,0,0,0,0,0,0.021681807,0,0,0,0,0,0,0.021681807,0,0,0,0,0,0,0,0,0,0,0,0.325227106,0,0,0.433636141,0,0
201410281 - Transect 04,McGrail,0,0,0,0,0,0,0.138591562,0,0,0.055436625,0,0.526647935,0.027718312,0,0,0,0,0,0.942422621,0,0,0,0,0,0,0,0.055436625,0,0,0,0,0,0,1.247324057,0,0,0,0,0,0,0.221746499,0.665239497,0,0,0,0,0,0,0,0,0,0,0.249464811,0,0,1.247324057,0,0
201410281 - Transect 05,McGrail,0,0,0,0,0,0,0,0,0,0.096311575,0,0,0,0,0,0,0.032103858,0.032103858,0.256830868,0,0,0,0,0,0,0,0.032103858,0,0,0,0,0,0,0.192623151,0,0,0,0,0,0,0,3.403009001,0,0,0,0,0,0,0,0,0,0,0.096311575,0,0,0.032103858,0,0
201410281 - Transect 06,McGrail,0,0,0,0,0,0.264821939,0,0,0,0.020370918,0,0.020370918,0,0,0,0,0.020370918,0.366676531,0.244451021,0,0,0.020370918,0,0,0,0,0,0,0,0,0,0,0,2.464881127,0,0,0,0,0.020370918,0,0,2.261171943,0,0,0,0,0,0,0,0,0,0,0.020370918,0,0,0.346305613,0,0
201410281 - Transect 07,McGrail,0,0,0,0,0,0.026469778,0,1.720535595,0,0.052939557,0,0,0.026469778,0,0,0,0,0.741153795,0.238228005,0,0,0,0,0,0,0,0,0,0,0,0,0,0,0.899972465,0,0,0,0,0.052939557,0,0,1.085260914,0.026469778,0,0,0,0,0,0,0,0,0,0.185288449,0,0,0.873502687,0,0
201410281 - Transect 08,McGrail,0,0,0,0,0,0,0,1.012364994,0,0,0,0,0,0,0,0,0,0,0,0,0,0,0,0,0,0,0,0.053282368,0,0,0,0,0,0,0,0,0,0,0,0,0,0.053282368,0,0,0,0,0,0,0,0,0,0,0.745953154,0,0,0,0,0
201410282 - Transect 01,McGrail,0,0,0,0,0,0,0,0,0,0,0,0,0,0,0,0,0,0,0.019237435,0,0,0,0,0,0.019237435,0,0,0,0,0,0,0,0,0,0,0,0,0,0,0,0,0,0,0,0,0,0,0,0.019237435,0,0,0,0.019237435,0,0.03847487,0,0,0
201507071 - Transect 01,McGrail,0,0.033132748,0,0,0,0,0.198796487,0,0,0,0,0,0,0,0,0,0,0,0,0,0,0,0.198796487,0,0,0,15.70492245,0,0,0,0,0,0,0,0,0,0,0,0,0,0,0,0,0,0,0,0,0,0,0,0,0,0.629522208,0,0,0,0,0
201507071 - Transect 02,McGrail,0,0,0,0,0,0,0,0.029967789,0,0,0,0,0,0,0,0,0,0,0,0,0,0,0,0,0,0,2.846939981,0,0,0,0,0,0,0,0,0,0,0,0,0,0,0,0,0,0,0,0,0,0,0,0,0,0,0,0,0,0,0
201507071 - Transect 03,McGrail,0,0,0,0,0,0,0.137617558,0.275235116,0,0,0,0,0,0,0,0,0,0,0,0,0,0,0,0,0,0,5.449655297,0,0,0,0,0,0,0,0,0,0,0,0,0,0,0,0,0,0,0,0,0,0,0,0,0,0,0,0,0,0,0
201507072 - Transect 01,McGrail,0,0,0,0,0,0,0,0,0,0,0,0.399068532,0.627107693,0,0,0,0,1.083186015,0.627107693,0,0,0,0,0,0,0,0,0,0,0,0,0,0,1.482254547,0,0,0,0,0,0,0,0.969166435,0,0,0,0,0.028504895,0,0,0,0,0,0.028504895,2.16637203,0.028504895,2.736469933,0,0
201507072 - Transect 02,McGrail,0,0,0,0,0,0,0.149480163,0.024913361,0,0,0,0,0,0,0,0,0,0,0.049826721,0,0,0.024913361,0.298960327,0,0,0,0.074740082,0,0,0,0,0,0,0.049826721,0,0,0,0,0,0,0,0,0,0,0,0,0,0,0,0,0,0,0.049826721,0,0,0.024913361,0,0
201507072 - Transect 03,McGrail,0,0,0,0,0,0,0,0,0,0,0,0,0,0,0,0,0,0.025500268,0,0,0,0,1.377014477,0,0,0,0.306003217,0,0,0,0,0,0,0,0,0,0,0,0,0,0,0,0,0,0,0,0,0,0,0,0,0,0.076500804,0,0.051000536,0,0,0
201507072 - Transect 04,McGrail,0,0,0,0,0,0,0,0,0,0.023825547,0,0,0,0,0,0,0,0,1.048324063,0,0,0,2.382554689,0,0,0,0.810068594,0,0,0,0,0,0,0,0,0,0,0,0,0,0,0,0,0,0,0,0,0,0,0,0,0,0,0,0,0,0,0
201507072 - Transect 05,McGrail,0,0,0,0,0,0,0,0,0,0.126978547,0,0,0,0,0,0,0,0,0,0,0,0,0,0,0,0,0,0,0,0,0,0,0,0,0,0,0,0,0,0,0,0,0,0,0,0,0,0,0,0,0,0,0.076187128,0,0,0.482518477,0,0
201507073 - Transect 01,McGrail,0,0,0,0,0,0,0.211869281,0,0,0.211869281,0,0.151335201,0.03026704,0,0,0,0,0,0.03026704,0,0,0.03026704,0.121068161,0,0,0,0,0,0,0,0,0,0,0.181602241,0,0,0,0,0,0,0,1.271215686,0,0,0,0,0,0,0,0,0,0,0.484272642,0.181602241,0,0.454005602,0,0
201507074 - Transect 01,McGrail,0,0,0,0,0,0.076050878,0.019012719,0,0,0.095063597,0,0.418279829,0.019012719,0,0.057038158,0,0.019012719,0,0.190127195,0,0,0,0.019012719,0,0,0,0.228152634,0,0,0,0,0,0,1.368915803,0,0,0,0,0,0,0.019012719,0.703470621,0,0,0,0,0.057038158,0,0,0,0,0,1.026686852,0.247165353,0.190127195,1.597068436,0,0.019012719
WBAL01-201005202,West FGB,0,0,0,0,0,0,0,0,1.055228496,0,0,0,0,0,0,0,0,0,0,0.527614248,0,0,0,0,0,0,0,0,0,0,0,0,0,0,0,0,0,0,0,0,0,0,0,0,0,0,0,0,0,0,0,0,0,0,0,0,0,0
WBAL03-201005202,West FGB,0,0,0,0,0,0,0,0,0,0,0,0,0,0,0,0,0,0,0,1.318394232,0,0,0,0,0,0,0,0,0,0,0,0,0,0,0,0,0,0,0,0,0,0,0,0,0,0,0,0,0,0,0,0,0,0,0,0,0,0
WBAL04-201005202,West FGB,0,0,0,0,0,0,0,0,0,0,0,0,0,0,0,0,0,0,0,3.475580761,0,0,0,0,2.979069223,0,0,0,0,0,0,0,0,0,0,0,0,0,0,0,0,0,0,0,0,0,0,0,0,0,0,0,0,0,0,0,0,0
WBAL08-201005203,West FGB,0,0,0,0,0,0,0,0,0,0,0,0,0,0,0,0,0,0,0,0,0,0,0,0,1.402864429,0,0,0,0,0,0,0,0,0,0,0,0,0,0,0,0,0,0,0,0,0,0,0,0,0,0,0,0,0,0,0,0,0
WBAL13-201005203,West FGB,0,0,0,0,0,0,0,0,0,0,0,0,0,0,0,0,0,0,0,0,0,0,0,0,0.55013001,0,0,0,0,0,0,0,0,0,0,0,0,0,0,0,0,0,0,0,0,0,0,0,0,0,0,0,0,0,0,0,0,0
WBAL15-201005191,West FGB,0,0,0,0,0,0,0,0,0.228361099,0,0,0,0,0,0,0,0,0,0,5.252305286,0,0,0,0,0,0,0,0,0,0,0,0,0,0,0,0,0,0,0,0,0,0,0,0,0,0,0,0,0,0,0,0,0,0,0,0,0,0
WBAN02-201105174,West FGB,0,0,0,0,0,0,0,0,0,0,0,0,0,0,0,0,0,0,0,0,0,0,0,0,0,0,0,0,0,0,0,0.181743419,0,0,0,0,0,0,0,0,0,0,0,0,0,0,0,0,0,0,0,0,0.636101967,0,0,0,0,0
WBAN05-201105174,West FGB,0,0,0,0,0,0,0,0,0,0,0,0,0,0,0,0,0,0,0,0,0,0,0,0,0.175931575,0,0,0,0,0,0,0,0,0,0,0,0,0,0,0,0,0,0,0,0,0,0,0,0,0,0,0,0,0,0,0,0,0
WBAN07-201105174,West FGB,0,0,0,0,0,0,0,0,0,0,0,0,0,0,0,0,0,0,0,0,0,0,0,0,0,0,0,0,0,0,0,0,0,0,0,0,0,0,0,0,0,0,0,0,0,0,0,0,0,0,0,0,0.108088691,0,0,0,0,0
WBAN08-201105174,West FGB,0,0,0,0,0,0,0,0,0.782457277,0,0.195614319,0,0,0,0,0,0,0,0,0.782457277,0,0,0,0,0.586842957,0,0,0,0,0,0,0,0,0,0,0,0,0,0,0,0,0.391228638,0,0,0,0,0,0,0,0,0,0,0.195614319,0,0,0,0,0
WBAN08-201207314,West FGB,0,0,0,0,0,0,0,0,0,0,0,0,0,0,0,0,0,0,0,0,0,0,0,0,0,0,0,0,0,0,0,0,0,0,0,0,0,0,0,0,0,0,0,0,0,0,0,0,0,0,0,0,8.800143711,0,0,0,0,0
WBAN10-201207315,West FGB,0,0,0,0,0,0,0,0,3.23582603,0,0,0,0,0,0,0,0,0,0,10.24678243,0,0,0,0,0,0,0,0,0,0,0,0,0,0,0,0,0,0,0,0,0,3.23582603,0,0,0,0,0,0,0,0,0,0,0.539304338,0,0,0,0,0
WBAN11-201207315,West FGB,0,0,0.152942995,0,0,0,0,0,0.458828985,0,0,0,0,0,0,0,0,0,0,0.458828985,0,0,0,0,0,0,0,0,0,0,0,0,0,0,0,0,0,0,0,0,0,0,0,0,0,0,0,0,0,0,0,0,0,0,0,0,0,0
WBAN12-201207315,West FGB,0,0,0,0,0,0,0,0,4.826797002,0,0,0,0,0,0,0,0,0,0,2.896078201,0,0,0,0,0,0,0,0,0,0,0,0,0,0,0,0,0,0,0,0,0,0,0,0,0,0,0,0,0,0,0,0,0,0,0,0,0,0
WBC02-201005211,West FGB,0,0,0,0,0,0,0,0,0,0,0,0,0,0,0,0,0,0,0,0,0,0,0,0,1.253241941,0,0,0,0.234982864,1.331569562,0,0,0,0,0,0,0.391638107,0.861603834,0,0,0,0,0,3.759725823,0,0.391638107,0,0,0,0,0,0.313310485,0,0,0,0,0,0
WBC03-201005211,West FGB,0,0,0,0,0,0,0,0,0,0,0,0,0,0,0,0.062633563,0,0,0,0,0,0,0,0,0,0.125267126,0,0,0.250534252,0.375801378,0,0,0,0,0,0,0.375801378,1.377938385,0,0,0,0,0,3.006411021,0,1.252671259,0,0,0,0,0,0.125267126,0,0,0,0,0,0
WBC04-201005211,West FGB,0,0,0,0,0,0,0,0,0,0,0,0,0,0,0,0.516040473,0,0,0,0,0,0,0,0,0.103208095,0,0,0,0,1.135289041,0.103208095,0,0,0,0,0,0.825664757,1.238497135,0,0,0,0,0,0.928872851,0,0.722456662,0,0,0,0,0,1.651329514,0,0,0,0,0,0
WBC05-201005211,West FGB,0,0,0,0,0,0,0,0,0,0,0,0,0,0,0,0,0,0,0,0,0,0,0,0,0.993254624,0.248313656,0,0,3.476391184,1.24156828,0.248313656,0,0,0,0,0,0.744940968,0,0,0,0,0,0,2.48313656,0,1.24156828,0,0.248313656,0,0,0.744940968,0.993254624,0,0,0,0,0,0
WBC06-201005211,West FGB,0,0,0,0,0,0,0,0,0,0,0,0,0,0,0,0.652786345,0,0,0,0,0,0,0,0,0,0,0,0,0.326393173,1.79516245,0,0,0,0,0,0,1.631965864,2.284752209,0,0,0,0,0,0.652786345,0,0.326393173,0,0,0,0,0,0.163196586,0,0,0,0,0,0
WBCA01-201005202,West FGB,0,0,0,0,0,0,0,0,0.274551848,0,0,0,0,0,0,0,0,0,0,0,0,0,0,0,0,0,0.274551848,0,0,0,0,0,0,0,1.098207391,0,0,0,0,0,0,0,0,0,0,0,0,0,0,0,0,0,0,0,0,0,0,0
WBCA02-201005202,West FGB,0,0,0,0,0,0,0,0,0,0,0,0,0,0,0,0,0,0,0,0,0,0,0,0,0,0,0,0,0,0,0,0,0,0,0,0,0,0,0,0,0,0,0,0,0,0,0,0,0,0,0,0,0.167289746,0,0,0,0,0
WBCA03-201105174,West FGB,0,0,0,0,0,0,0,0,0,0,0,0,0,0,0,0,0,0,0,0,0,0,0,0,0,0,0.784805912,0,0,0,0,0,0,0,0,0,0,0,0,0,0,0.071345992,0,0,0,0,0,0,0,0,0,0,0,0,0,0,0,0
WBCA07-201005201,West FGB,0,0,0,0,0,0,0,0,0,0,0,0,0,0,0,0,0,0,0,0.202354056,0,0,0,0,0,0,0.101177028,0,0,0,0,0,0,0,0,0,0,0,0,0,0,0,0,0,0,0,0,0,0,0,0,0,0,0,0,0,0,0
WBCA08-201005201,West FGB,0,0,0,0,0,0,0,0,0,0,0,0,0,0,0,0,0,0,0,0,0,0,0,0,0,0,0.126040407,0,0,0,0,0,0,0,0,0,0,0,0,0,0,0,0,0,0,0,0,0,0,0,0,0,0,0,0,0,0,0
WBCA09-201005201,West FGB,0,0,0,0,0,0,0,0,0.169362379,0,0.169362379,0,0,0,0,0,0,0,0,0,0,0,0,0,0,0,0,0,0,0,0,0,0,0,0,0,0,0,0,0,0,0,0,0,0,0,0,0,0,0,0,0,0,0,0,0,0,0
WBCA10-201005201,West FGB,0,0,0,0,0,0,0,0,0,0,0,0,0,0,0,0,0,0,0,0.346267834,0,0,0,0,0,0,0,0,0,0,0,0,0,0,0,0,0,0,0,0,0,0,0,0,0,0,0,0,0,0,0,0,0,0,0,0,0,0
WBCA11-201005201,West FGB,0,0,0,0,0,0,0,0,0,0,0,0,0,0,0,0,0,0,0,0,0,0,0,0,0.231866589,0,0,0,0,0,0,0,0,0,0,0,0,0,0,0,0,0,0,0,0,0,0,0,0,0,0,0,0,0,0,0,0,0
WBCA12-201005201,West FGB,0,0,0.071521112,0,0,0,0,0,0,0,0,0,0,0,0,0,0,0,0,0.071521112,0,0,0,0,0,0,0,0,0,0,0,0,0,0,0,0,0,0,0,0,0,0,0,0,0,0,0,0,0,0,0,0,0,0,0,0,0,0
WBCA13-201005201,West FGB,0,0,0.168966653,0,0,0,0,0,0,0,0,0,0,0,0,0,0,0,0,0,0,0,0,0,0,0,0,0,0.084483327,0,0,0,0,0,0,0,0,0,0,0,0,0,0,0,0,0,0,0,0,0,0,0,0,0,0,0,0,0
WBCA14-201005201,West FGB,0,0,0.070478797,0,0,0,0,0,0,0,0,0,0,0,0,0,0,0,0,0,0,0,0,0,0,0,0,0,0,0,0,0,0,0,0,0,0,0,0,0,0,0,0,0,0,0,0,0,0,0,0,0,0,0,0,0,0,0
WBCA38-201208011,West FGB,0,0,0,0,0,0,0,0,0.654892614,0,0,0,0,0,0,0,0,0,0,0,0,0,0,0,0,0,0,0,0,0,0,0,0,0,0,0,0,0,0,0,0,0.327446307,0,0,0,0,0,0,0,0,0,0,0,0,0,0,0,0
WBCA39-201208011,West FGB,0,0,0,0,0,0,0,0,0,0,0,0,0,0,0,0,0,0,0,0,0,0,0,0,0,0,0,0,0,0,0,0,0,0,0,0,0,0,0,0,0,0,0,0,0,0,0,0,0,0,0,0,1.476399314,0,0,0,0,0
WBCA40-201105181,West FGB,0,0,0,0,0,0,0,0,0,0,0,0,0,0,0,0,0,0,0,0,0,0,0,0,0,0,0,0,0,0,0,0,0,0,0,0,0,0,0,0,0,0.078788762,0,0,0,0,0,0,0,0,0,0,0,0,0,0,0,0
WBCA46-201105181,West FGB,0,0,0,0,0,0,0,0,0,0,0,0,0,0,0,0,0,0,0,0,0,0,0,0,0,0,0,0.130263229,0,0,0,0,0,0,0,0,0,0,0,0,0,0,0,0,0,0,0,0,0,0,0,0,0,0,0,0,0,0
WBCA46-201207318,West FGB,0,0,0,0,0,0,0,0,0.323776492,0,0,0,0,0,0,0,0,0,0,0.323776492,0,0,0,0,0,0,0,0,0,0,0,0,0,0,0,0,0,0,0,0,0,0,0,0,0,0,0,0,0,0,0,0,0.323776492,0,0,0,0,0
WBCA50-201208013,West FGB,0,0,0.271969085,0,0,0,0,0,0,0,0,0,0,0,0,0,0,0,0,0,0,0,0,0,0,0,0,0,0,0,0,0,0,0,0,0,0,0,0,0,0,0,0,0,0,0,0,0,0,0,0,0,0,0,0,0,0,0
WBDC01-201005194,West FGB,0,0,0,0,0,0,0,0,0.268098189,0,4.959816505,0,0,0,0,0,0,0,0,0.804294568,0,0,0,0,0,0,0.536196379,0,0,0,0,2.010736421,0,0,0,0,0,0,0,0,0,0.402147284,0,0,0,0,0,0.268098189,0,0,0,0,0.134049095,0,0,0,0,0
WBDC01-201105174,West FGB,0,0,0,0,0,0,0,0,1.400398631,0,0.155599848,0,0,0,0,0,0,0,0,0,0,0,0,0,0,0,0,0,0,0,0,0,0,0,0,0,0,0,0,0,0,0,0,0,0,0,0,0,0,0,0,0,0.155599848,0,0,0,0,0
WBDC04-201005196,West FGB,0,0,0,0,0,0,0,0,0.531493911,0,0,0,0,0,0,0,0,0,0,0.531493911,0,0,0,0,0,0,0,0,0,0,0,0,0,0,0,0,0,0,0,0,0,0,0,0,0,0,0,0,0,0,0,0,0.265746955,0,0,0,0,0
WBDC07-201005197,West FGB,0,0,0,0,0,0,0,0,0,0,3.733682996,0,0,0,0,0,0,0,0,0.207426833,0,0,0,0,0,0,0,0.207426833,0,0,0,0,0,0,0,0,0,0,0,0,0,0,0,0,0,0,0,0,0,0,0,0,0,0,0,0,0,0
WBDC08-201005193,West FGB,0,0,0,0,0,0,0,0,0.248257345,0,0.372386018,0,0,0,0,0,0,0,0,0.248257345,0,0,0,0,0,0,0,0,0,0,0,0.372386018,0,0,0,0,0,0,0,0,0,1.489544071,0,0,0,0,0,0,0,0,0,0,0.124128673,0,0,0,0,0
WBDC10-201005198,West FGB,0,0,0,0,0,0,0,0,0,0,0.19963381,0,0,0,0,0,0,0,0,0.099816905,0,0,0,0,0,0,0,0,0,0,0,0,0,0,0,0,0,0,0,0,0,0.033272302,0,0,0,0,0,0,0,0,0,0,0.033272302,0,0,0,0,0
WBDC11-201005191,West FGB,0,0,0,0,0,0,0,0,0,0,2.241247801,0,0,0,0,0,0,0,0,0.56031195,0,0,0,0,0.56031195,0,0,0,0,0,0,0,0,0,0,0,0,0,0,0,0,1.120623901,0,0,0,0,0,0,0,0,0,0,0,0,0,0,0,0
WBDC12-201005191,West FGB,0,0,0,0,0,0,0,0,0,0,0.282473575,0,0,0,0,0,0,0,0,0,0,0,0,0,0,0,0,0,0,0,0,0.282473575,0,0,0,0,0,0,0,0,0,0.141236788,0,0,0,0,0,0,0,0,0,0,0.282473575,0,0,0,0,0
WBDC12-201105175,West FGB,0,0,0,0,0,0,0,0,0,0,0.176933052,0,0,0,0,0,0,0,0,0.530799156,0,0,0,0,0,0,0,0,0,0,0,0,0.176933052,0,0,0,0,0,0,0,0,0,0,0,0,0,0,0,0,0,0,0,0,0,0,0,0,0
WBDC13-201005199,West FGB,0,0,0,0,0,0,0,0,0.27359853,0,0.82079559,0,0,0,0,0,0,0,0,0.54719706,0,0,0,0,0,0,0,0.683996325,0,0,0,0.136799265,0,0,0,0,0,0,0,0,0,0.54719706,0,0,0,0,0,0,0,0,0,0,0,0,0,0,0,0
WBDC14-201005192,West FGB,0,0,0,0,0,0,0,0,0,0,0.46107647,0,0,0.230538235,0,0,0,0,0,0,0,0,0,0,0,0,0.230538235,0,0,0,0,0,0,0,0,0,0,0,0,0,0,0.230538235,0,0,0,0,0,0,0,0,0,0,0.46107647,0,0,0,0,0
WBDC15-201005192,West FGB,0,0,0,0,0,0,0,0,0.609526584,0,2.641281862,0,0,0,0,0,0,0,0,2.438106334,0,0,0,0,0,0,0.203175528,0,0,0,0,0.406351056,0,0,0,0,0,0,0,0,0,1.625404223,0,0,0,0,0,0.203175528,0,0,0,0,0.406351056,0,0,0,0,0
WBDC23-201105175,West FGB,0,0,0,0,0,0,0,0,0,0,0,0,0,0,0,0,0,0,0,0,0,0,0,0,0,0,0,0,0,0,0,0,0,0,0,0,0,0,0,0,0,0,0,0,0,0,0,0,0,0,0,0,0.785123162,0,0,0,0,0
WBDC24-201105175,West FGB,0,0,0,0,0,0,0,0,0.093628369,0,0,0,0,0,0,0,0,0,0,0.468141843,0,0,0,0,0,0,0,0.093628369,0,0,0,0,0,0,0,0,0,0,0,0,0,0.749026948,0,0,0,0,0,0,0,0,0,0,0.280885106,0,0,0,0,0
WBDC25-201105175,West FGB,0,0,0,0,0,0,0,0,0,0,0,0,0,0,0,0,0,0,0,0,0,0,0,0,0,0,0,0,0,0,0,0,0,0,0,0,0,0,0,0,0,0,0,0,0,0,0,0,0,0,0,0,0.502976401,0,0,0,0,0
WBDC37-201105182,West FGB,0,0,0,0,0,0,0,0,0,0,0.714300051,0,0,0,0,0,0,0,0,0,0,0,0,0,0.476200034,0,0,0,0,0,0,0,0,0,0,0,0,0,0,0,0,0.952400068,0,0,0,0,0,0,0,0,0,0,0,0,0,0,0,0
WBDC58-201105182,West FGB,0,0,0,0,0,0,0,0,1.843851925,0,5.004740938,0,0,0,0,0,0,0,0,0.526814836,0,0,0,0,0,0,0,0,0,0,0,0,0,0,0,0,0,0,0,0,0,0,0,0,0,0,0,0,0,0,0,0,0,0,0,0,0,0
WBDC59-201105182,West FGB,0,0,0,0,0,0,0,0,0.154834301,0,5.574034823,0,0,0,0,0,0,0,0,0.619337203,0,0,0,0,0,0,0,0,0,0,0,0.309668601,0,0,0.154834301,0,0,0,0,0,0,0.154834301,0,0,0,0,0,0.154834301,0,0,0,0,0,0,0,0,0,0
WBDC60-201105182,West FGB,0,0,0,0,0,0,0,0,0.286612831,0,0,0,0,0,0,0,0,0,0,1.719676985,0,0,0,0,0.286612831,0,0,0,0,0,0,0,0,0,0,0,0,0,0,0,0,0.286612831,0,0,0,0,0,0,0,0,0,0,0,0,0,0,0,0
WBDC61-201105181,West FGB,0,0,0,0,0,0,0,0,0,0,0.77922339,0,0,0.086580377,0,0,0,0,0,0.086580377,0,0,0,0.173160753,0,0,0,0.086580377,0,0,0,0,0,0,0,0,0,0,0,0,0,0.77922339,0,0,0,0,0,0,0,0,0,0,0,0,0,0,0,0
WBDC62-201208031,West FGB,0,0,0,0,0,0,0,0,0.530704202,0,3.714929415,0,0,0.530704202,0,0,0,0,0,1.061408404,0,0,0,0,0,0,0,0,0,0,0,2.122816808,0,0,0,0,0,0,0,0,0,0,0,0,0,0,0,0,0,0,0,0,0,0,0,0,0,0
WBDC63-201105181,West FGB,0,0,0,0,0,0,0,0,0.312959891,0,2.0029433,0,0,0.125183956,0,0,0,0,0,0.312959891,0,0,0,0,0,0,0.187775934,0,0,0,0,0.187775934,0,0,0.125183956,0,0,0,0,0,0,0.438143847,0,0,0,0,0,0,0,0,0,0,0.125183956,0,0,0,0,0
WBDC63-201208019,West FGB,0,0,0,0,0,0,0,0,0,0,8.400265301,0,0,0,0,0,0,0,0,0.646174254,0,0,0,0,0,0,0,0.646174254,0,0,0,0.646174254,0,0,0,0,0,0,0,0,0,0,0,0,0,0,0,0.646174254,0,0,0,0,0,0,0,0,0,0
WBDC64-201105181,West FGB,0,0,0,0,0,0,0,0,0.401697614,0,1.539840855,0,0,0,0,0,0,0,0,0.26779841,0,0,0,0,0.200848807,0,0,0,0,0,0,0.200848807,0,0,0,0,0,0,0,0,0,0,0,0,0,0,0,0.133899205,0,0,0,0,0.066949602,0,0,0,0,0
WBDC64-201208019,West FGB,0,0,0,0,0,0,0,0,1.061907621,0,3.539692072,0,0,0.353969207,0,0,0,0,0,1.415876829,0,0,0,0,0,0,0,0,0,0,0,0,0,0,0,0,0,0,0,0,0,0,0,0,0,0,0,0,0,0,0,0,0,0,0,0,0,0
WBDC65-201208019,West FGB,0,0,0,0,0,0,0,0,0.205823561,0,5.35141259,0,0,0,0,0,0,0,0,2.469882734,0,0,0,0,0,0,0,0,0,0,0,1.234941367,0,0,0,0,0,0,0,0,0,0.617470683,0,0,0,0,0,0,0,0,0,0,0,0,0,0,0,0
WBDC66-201208019,West FGB,0,0,0,0,0,0,0,0,0,0,6.881809228,0,0,0,0,0,0,0,0,0.382322735,0,0,0,0,0,0,0,0,0,0,0,0.191161367,0,0,0,0,0,0,0,0,0,0,0,0,0,0,0,0,0,0,0,0,0,0,0,0,0,0
WBDC67-201208018,West FGB,0,0,0,0,0,0,0,0,1.647922577,0,0.823961289,0,0,0,0,0,0,0,0,3.295845155,0,0,0,0,0,0,0,0,0,0,0,1.647922577,0.411980644,0,0,0,0,0,0,0,0,3.501835477,0,0,0,0,0,0.205990322,0,0,0,0,0.411980644,0,0,0,0,0
WBDC68-201208032,West FGB,0,0,0,0,0,0,0,0,0.339311142,0,0,0,0,0.169655571,0,0,0,0,0,0.169655571,0,0,0,0,0,0,0,0,0,0,0,0.508966713,0,0,0,0,0,0,0,0,0,0,0,0,0,0,0,0,0,0,0,0,0,0,0,0,0,0
WBDC69-201208032,West FGB,0,0,0,0,0,0,0,0,0,0,0,0,0,0,0,0,0,0,0,0,0,0,0,0,0,0,0,0,0,0,0,1.057919226,0,0,0,0,0,0,0,0,0,0,0,0,0,0,0,0,0,0,0,0,1.057919226,0,0,0,0,0
WBDC71-201208032,West FGB,0,0,0,0,0,0,0,0,0,0,0,0,0,0,0,0,0,0,0,0,0,0,0,0,0,0,1.898414763,0,0,0,0,0,0,0,0,0,0,0,0,0,0,0,0,0,0,0,0,0,0,0,0,0,0,0,0,0,0,0
WBDC79-201208015,West FGB,0,0,0,0,0,0,0,0,0.193933089,0,2.133263977,0,0,0.193933089,0,0,0,0,0,3.490795598,0,0,0,0,0,0,0.193933089,0,0,0,0,1.357531622,0.193933089,0,0,0.193933089,0,0,0,0,0,3.490795598,0,0,0,0,0,0.969665444,0,0,0,0,0,0,0,0,0,0
WBDC80-201208015,West FGB,0,0,0,0,0,0,0,0,0,0,1.320402151,0,0,0.330100538,0,0,0,0,0,0,0,0,0,0,0,0,0,0,0,0,0,0,0,0,0,0,0,0,0,0,0,0.330100538,0,0,0,0,0,0,0,0,0,0,0,0,0,0,0,0
WBDC83-201208016,West FGB,0,0,0,0,0,0,0,0,0.739403598,0,13.30926476,0,0,0.369701799,0,0,0,0,0,1.109105397,0,0,0,0,0,0,0,0,0,0,0,0.369701799,0,0,0,0,0,0,0,0,0,0,0,0,0,0,0,0,0,0,0,0,0.369701799,0,0,0,0,0
WBDC84-201208034,West FGB,0,0,0,0,0,0,0,0,0,0,1.295679729,0,0,0.431893243,0,0,0,0,0,0,0,0,0,0,0,0,0,0,0,0,0,0.431893243,0,0,0,0,0,0,0,0,0,0.431893243,0,0,0,0,0,0,0,0,0,0,0,0,0,0,0,0
WBDC85-201208033,West FGB,0,0,0,0,0,0,0,0,0,0,0,0,0,0,0,0,0,0,0,0.822231968,0,0,0,0,0,0,0,0,0,0,0,0,0,0,0,0,0,0,0,0,0,0,0,0,0,0,0,0,0,0,0,0,0.411115984,0,0,0,0,0
WBSB00-201105174,West FGB,0,0,0,0,0,0,0,0,0,0,0,0,0,0,0,0,0,0,0,0,0,0,0,0,0,0,0,0,0,0,0,0,0,0,0,0,0,0,0,0,0,0,0,0,0,0,0,0,0,0,0,0,0.198215718,0,0,0,0,0
WBSB07-201005193,West FGB,0,0,0,0,0.071866942,0,0,0,0,0,0,0,0,0,0,0,0,0,0,0,0,0,0,0,0,0,0,0,0,0,0,0.071866942,0,0,0,0,0,0,0,0,0,0,0,0,0,0,0,0,0,0,0,0,0.143733885,0,0,0,0,0