Transect,Bank,Agaricia agaricites,Agaricia fragilis,Agaricia lamarcki,Agaricia sp.,Antipathes atlantica,Antipathes furcata,Antipathidae,Aphanipathidae,Asteroidea,Bacterial Mat,Bubble Alga,Callogorgia gracilis,Caryophylliidae,Caulerpa sp.,Chlorophyta,Codium sp.,Colpophyllia natans,Crinoid,Crustose Coralline Algae,Dead Coral,Demospongiae,Dictyota sp.,Ellisella spp.,Ellisellidae,Gorgoniidae,Halimeda sp.,Hard Bottom,Helioseris cucullata,Hydroid,Hypnogorgia,Madracis asperula,Madracis brueggemanni,Madracis decactis,Madracis mirabilis,Madracis sp.,Madrepora sp.,Millepora alcicornis,Mollusca,Montastraea cavernosa,Mussa angulosa,Myriopathidae,Nephtheidae,Nicella sp.,Nidalidae,Oculina diffusa,Orbicella faveolata,Orbicella franksi,Osteichthyes,Phaeophyta,Plexauridae,Porites astreoides,Porites colonensis,Porites porites,Primnoidae,Pseudodiploria strigosa,Rhodophyta,Sargassum sp.,Scolymia sp.,Siderastra radians,Siderastrea siderea,Soft Bottom,Stephanocoenia intersepta,Stichopathes,Tanacetipathes,Tanacetipathes tanacetum,Tunicata,Turf Algae,Worm casing
201410291 - Transect 01,Bright,0,0,0,0,0.001204819,0.001807229,0,0,0,0,0.00060241,0,0,0,0.169879518,0,0,0.00060241,0.758433735,0,0.003614458,0,0,0,0,0,0.013855422,0,0.001204819,0,0,0,0,0,0.003012048,0,0,0,0,0,0,0,0,0,0,0,0,0,0,0,0,0,0,0,0,0.007831325,0,0,0,0,0.037349398,0,0,0,0,0,0,0.00060241
201410291 - Transect 02,Bright,0,0,0,0,0,0,0,0,0,0,0,0,0,0.008598452,0.371453138,0.01977644,0,0,0.184866724,0,0.008598452,0.007738607,0,0,0,0,0.059329321,0,0,0,0,0,0,0,0,0,0,0,0,0,0,0,0,0,0,0,0,0,0,0,0,0,0,0,0,0.003439381,0,0,0,0,0.116079106,0,0,0,0,0,0.220120378,0
201410291 - Transect 03,Bright,0,0,0,0,0,0,0,0,0,0,0,0,0,0.001257862,0.154716981,0.000628931,0,0,0.530188679,0,0.001257862,0,0,0,0,0.003773585,0.055974843,0,0,0,0,0,0,0,0,0,0,0.001257862,0,0,0,0,0,0,0,0,0,0.001257862,0,0,0,0,0,0,0,0.01509434,0,0,0,0,0.152830189,0,0,0,0,0,0.081132075,0.000628931
201410291 - Transect 04,Bright,0,0,0,0,0,0,0,0,0,0,0,0,0,0.015625,0.173125,0,0,0,0.36,0,0.008125,0.00125,0,0,0,0,0.03,0,0,0,0,0,0,0,0.000625,0,0,0,0,0,0,0,0,0,0,0,0,0,0,0,0,0,0,0,0,0.100625,0,0,0,0,0.08125,0,0,0,0,0,0.229375,0
201410291 - Transect 05,Bright,0,0,0,0,0,0,0.000727802,0,0,0,0,0,0,0.005822416,0.367540029,0.004366812,0,0,0.433770015,0,0.004366812,0,0,0,0,0,0.028384279,0,0,0,0,0,0,0,0.000727802,0,0,0,0,0,0,0,0,0,0,0,0,0,0,0,0,0,0,0,0,0.015283843,0,0,0,0,0.088064047,0,0,0,0,0,0.049490539,0.001455604
201410291 - Transect 06,Bright,0,0,0,0,0.000705219,0,0,0,0,0.000705219,0,0,0,0,0.195345557,0,0,0,0.626939351,0.001410437,0.010578279,0.000705219,0.001410437,0,0,0,0.027503526,0,0,0,0,0,0,0,0,0,0,0,0,0,0,0,0.000705219,0,0,0,0,0,0,0,0,0,0,0,0,0.122002821,0,0,0,0,0.009167842,0,0,0,0,0,0.002115656,0.000705219
201410291 - Transect 07,Bright,0,0,0,0,0.007259528,0.001814882,0,0,0,0.00907441,0,0,0,0,0.128251664,0,0,0,0.716878403,0.000604961,0.027828191,0,0.000604961,0,0,0,0.011494253,0,0.003629764,0,0,0,0,0,0,0,0,0,0,0,0,0,0.002419843,0,0,0,0,0,0,0,0,0,0,0,0,0.046581972,0,0,0,0,0.038717483,0,0,0,0.000604961,0,0.001209921,0.003024803
201410291 - Transect 08,Bright,0,0,0,0,0,0.002988643,0,0,0,0.001195457,0,0,0,0,0.129707113,0,0,0.001793186,0.413628213,0.000597729,0.005379558,0,0,0,0,0,0.032875075,0,0.003586372,0,0,0,0,0,0,0,0,0,0,0,0,0,0,0,0,0,0,0,0,0.000597729,0,0,0,0,0,0.071129707,0,0,0,0,0.333532576,0,0.001195457,0,0,0,0.001793186,0
201410292 - Transect 01,Bright,0,0,0,0,0,0,0,0,0,0.011295181,0.000753012,0,0,0,0.230421687,0,0,0.002259036,0.281626506,0,0.012048193,0,0,0,0,0,0.02560241,0.000753012,0,0,0,0,0,0,0,0,0,0,0,0,0,0,0,0,0,0,0,0,0,0,0,0,0,0,0,0,0,0,0,0,0.41189759,0,0,0,0,0,0.023343373,0
201410292 - Transect 02,Bright,0,0,0,0,0,0,0,0,0,0.02425016,0,0,0,0,0.137843012,0.005105297,0,0.001276324,0.245692406,0,0.000638162,0,0,0,0,0,0.066368858,0,0,0,0,0,0,0,0,0,0,0,0,0,0,0,0,0,0,0,0,0,0.000638162,0,0,0,0,0,0,0.007657945,0,0,0,0,0.453733248,0,0,0,0,0,0.056796426,0
201410292 - Transect 03,Bright,0,0,0,0,0,0,0,0,0,0.014429109,0,0,0,0,0,0.063989962,0,0,0.535131744,0.000627353,0.008155583,0,0,0,0,0,0.350690088,0,0,0,0,0,0,0,0,0,0,0,0,0,0,0,0,0,0,0,0,0,0,0,0,0,0,0,0,0,0,0,0,0,0.015683814,0,0,0,0,0,0.011292346,0
201507106 - Transect 01,Bright,0,0,0,0,0,0,0,0,0,0,0,0,0,0,0.342395298,0.006612785,0,0,0.285084497,0,0.0286554,0.001469508,0,0,0,0,0.182218957,0,0.000734754,0,0,0,0,0,0.001469508,0,0,0,0,0,0,0,0,0,0,0,0,0.001469508,0,0,0,0,0,0,0,0.027185893,0,0,0,0,0.121234386,0,0,0,0,0,0.001469508,0
201507106 - Transect 02,Bright,0,0,0,0,0,0.000664894,0,0,0,0,0,0,0,0.068484043,0.075132979,0,0,0,0.029255319,0,0.005319149,0.031914894,0,0,0,0,0.029255319,0,0.001329787,0,0,0,0,0,0,0,0,0,0,0,0,0,0,0,0,0,0,0.001329787,0,0,0,0,0,0,0,0.003989362,0.000664894,0,0,0,0.717420213,0,0,0,0,0,0.035239362,0
201507107 - Transect 01,Bright,0,0,0,0,0,0,0,0,0,0,0,0,0,0,0.263822115,0,0,0,0.479567308,0,0.015024038,0.004206731,0,0,0,0,0.0390625,0.000600962,0.004807692,0,0,0,0,0,0.005408654,0,0,0,0,0,0,0,0,0,0,0,0,0,0,0,0,0,0,0,0,0.0390625,0,0,0,0,0.147836538,0,0,0,0,0,0,0.000600962
201507111 - Transect 01,Bright,0,0,0,0,0,0,0,0,0,0.000682128,0,0,0,0,0.025238745,0.834242838,0,0,0.074351978,0,0.010914052,0,0,0,0,0,0.051159618,0,0,0,0,0,0,0,0,0,0,0,0,0,0,0,0,0,0,0,0,0,0,0,0,0,0,0,0,0,0,0,0,0,0.003410641,0,0,0,0,0,0,0
201507111 - Transect 02,Bright,0,0,0,0,0,0,0,0,0,0,0,0,0,0,0.060691602,0.473535639,0,0,0.270289344,0,0.00564573,0,0,0,0,0,0.043754411,0,0,0,0,0,0,0,0,0,0,0,0.001411433,0,0,0,0,0,0,0,0,0,0,0,0,0,0,0,0,0.000705716,0,0,0,0,0.052928723,0,0,0,0,0,0.091037403,0
201507111 - Transect 03,Bright,0,0,0,0,0,0,0,0,0,0,0,0,0,0,0.070332481,0.590153453,0,0,0.172634271,0,0.009590793,0.014066496,0,0,0,0,0.035805627,0,0,0,0,0,0,0,0,0,0,0,0,0,0,0,0,0,0,0,0,0.000639386,0,0,0,0,0,0,0,0.014066496,0,0,0,0,0.036445013,0,0,0,0,0,0.056265985,0
201507112 - Transect 01,Bright,0,0,0,0,0,0,0,0,0,0,0,0,0,0,0.028917283,0.829186281,0,0,0.112306658,0,0.00537996,0,0,0,0,0,0.020174849,0,0,0,0,0,0,0,0,0,0,0,0,0,0,0,0,0,0,0,0,0,0,0,0,0,0,0,0,0.000672495,0,0,0,0,0.00268998,0,0,0,0,0,0.000672495,0
201507112 - Transect 02,Bright,0,0,0,0,0,0,0,0,0,0.032211883,0,0,0,0.181818182,0.198997853,0,0,0,0.263421618,0,0.022190408,0.085898354,0,0,0,0,0.014316392,0,0.017179671,0,0,0,0,0,0,0,0.040085898,0,0.00071582,0,0,0,0,0,0,0,0,0.004294918,0,0,0,0,0,0,0,0.002147459,0,0,0,0,0.020042949,0.001431639,0,0,0,0,0.109520401,0.005726557
201507112 - Transect 03,Bright,0,0,0,0,0,0,0,0,0,0.000633714,0,0,0,0,0.242712294,0,0,0,0.500633714,0,0.006970849,0.051330798,0,0,0,0,0.039923954,0,0,0,0,0,0,0,0,0,0,0,0,0,0,0,0,0,0,0,0,0.000633714,0,0,0,0,0,0,0,0.066539924,0,0,0,0,0.021546261,0,0,0,0,0,0.069074778,0
201507113 - Transect 01,Bright,0,0,0,0,0,0,0,0,0,0,0,0,0,0.009546539,0.337708831,0.011336516,0,0,0.131264916,0,0.007159905,0.093675418,0.000596659,0,0,0,0.038782816,0,0,0,0,0,0,0,0,0,0,0,0,0,0,0,0,0,0,0,0,0,0,0,0,0,0,0,0,0.005369928,0,0,0,0,0.150357995,0.005369928,0,0,0,0,0.208830549,0
EBAL02-201005183,East FGB,0,0,0,0,0,0,0,0,0,0,0,0,0,0,0.019543974,0,0,0,0,0,0.029315961,0,0,0,0,0,0.328990228,0,0,0,0,0,0,0,0,0,0,0,0,0,0,0,0,0,0,0,0,0,0.001628664,0,0,0,0,0,0,0.351791531,0,0,0,0,0.268729642,0,0,0,0,0,0,0
EBAL03-201005183,East FGB,0,0,0,0,0,0,0,0,0,0,0,0,0,0,0.003062787,0,0,0,0,0,0.012251149,0,0,0,0,0,0.024502297,0,0,0,0,0,0,0.004594181,0,0,0,0,0,0,0.001531394,0,0,0,0,0,0,0,0,0,0,0,0,0,0,0.096477795,0,0,0,0,0.857580398,0,0,0,0,0,0,0
EBAL05-201005183,East FGB,0,0,0,0,0,0,0,0,0,0,0,0,0,0,0.070063694,0,0,0,0,0,0.041401274,0,0,0,0,0,0.27388535,0,0,0,0,0,0,0,0,0,0,0,0,0,0,0,0,0,0,0,0,0,0.00477707,0,0,0,0,0,0,0.488853503,0,0,0,0,0.121019108,0,0,0,0,0,0,0
EBAL07-201005173,East FGB,0,0,0,0,0,0,0,0,0,0,0,0,0,0,0,0,0,0,0,0,0,0,0,0,0,0,0,0,0,0,0,0,0,0,0,0,0,0,0,0,0,0,0,0,0,0,0,0.002873563,0,0,0,0,0,0,0,0,0,0,0,0,0.997126437,0,0,0,0,0,0,0
EBAL08-201005173,East FGB,0,0,0,0,0,0,0,0,0,0,0,0,0,0,0,0,0,0,0,0,0,0,0,0,0,0,0.00228833,0,0,0,0,0,0,0,0,0,0,0,0,0,0,0,0,0,0,0,0,0,0,0,0,0,0,0,0,0,0,0,0,0,0.99771167,0,0,0,0,0,0,0
EBAL09-201005171,East FGB,0,0,0,0,0,0,0,0,0,0,0,0,0,0,0.023157895,0,0,0,0,0,0.002105263,0,0,0,0,0,0.096842105,0,0,0,0,0,0,0,0,0,0,0,0,0,0,0,0,0,0,0,0,0,0.002105263,0,0,0,0,0,0,0.703157895,0,0,0,0,0.172631579,0,0,0,0,0,0,0
EBAL11-201005171,East FGB,0,0,0,0,0,0,0,0,0,0,0,0,0,0,0.038167939,0,0,0,0,0,0.074427481,0,0,0,0,0,0.309160305,0,0,0,0,0,0,0,0,0,0,0,0,0,0,0,0,0,0,0,0,0,0.038167939,0,0,0,0,0,0,0.421755725,0,0,0,0,0.118320611,0,0,0,0,0,0,0
EBAL13-201005171,East FGB,0.001655629,0.003311258,0,0,0,0,0.003311258,0,0,0,0,0,0,0,0.011589404,0,0,0,0,0,0.006622517,0,0,0,0,0,0.091059603,0,0,0,0,0,0,0,0,0,0,0,0,0,0,0,0,0,0,0,0,0,0.009933775,0,0,0,0,0,0,0.817880795,0,0,0,0,0.054635762,0,0,0,0,0,0,0
EBAL14-201005171,East FGB,0,0,0,0,0,0,0,0,0,0,0,0,0,0,0.022556391,0,0,0,0,0,0.005012531,0,0,0,0,0,0.040100251,0,0,0,0,0,0,0,0,0,0,0,0,0,0,0,0,0,0,0,0,0,0.035087719,0,0,0,0,0,0,0.235588972,0,0,0,0,0.661654135,0,0,0,0,0,0,0
EBAL15-201005172,East FGB,0,0,0,0,0,0,0,0,0,0,0,0,0,0,0.014851485,0,0,0,0,0,0.091584158,0,0,0,0,0,0.195544554,0,0,0,0,0,0,0,0,0,0,0,0,0,0,0,0,0,0,0,0,0,0,0,0,0,0,0,0,0.465346535,0,0,0,0,0.232673267,0,0,0,0,0,0,0
EBAN04-201207313,East FGB,0,0,0,0,0,0,0,0,0,0,0,0,0,0,0.004201681,0,0,0,0,0,0.031512605,0,0,0,0,0,0.552521008,0,0,0,0,0,0,0,0,0,0,0,0,0,0,0,0,0,0,0,0,0,0.161764706,0,0,0,0,0,0,0.193277311,0,0,0,0,0.056722689,0,0,0,0,0,0,0
EBAN06-201207313,East FGB,0,0,0,0,0,0,0,0,0,0,0,0,0,0,0.007042254,0,0,0,0,0,0.042253521,0,0,0,0,0,0.501760563,0,0,0,0,0,0,0,0,0,0,0,0,0,0,0,0,0,0,0,0,0,0.084507042,0,0,0,0,0,0,0.198943662,0,0,0,0,0.165492958,0,0,0,0,0,0,0
EBAN10-201207312,East FGB,0,0,0,0,0,0,0,0,0,0.00921659,0,0,0,0,0.006912442,0,0,0,0,0,0.032258065,0,0,0.002304147,0,0,0.557603687,0,0,0,0,0,0,0,0,0,0,0,0,0,0,0,0,0,0,0,0,0,0.140552995,0,0,0,0,0,0,0.198156682,0,0,0,0,0.046082949,0,0,0,0,0.006912442,0,0
EBAN14-201105162,East FGB,0,0,0,0,0,0,0,0,0,0,0,0,0,0,0.002364066,0,0,0,0,0,0.007092199,0,0,0,0,0,0.132387707,0,0,0,0,0,0,0,0,0,0,0,0,0,0,0,0,0,0,0,0,0,0.21749409,0,0,0,0,0,0,0.451536643,0,0,0,0,0.189125296,0,0,0,0,0,0,0
EBAN16-201105162,East FGB,0,0,0,0,0,0,0,0,0,0,0,0,0,0,0,0,0,0,0,0,0.01026694,0,0,0,0,0,0.186858316,0,0,0,0,0,0,0,0,0,0,0,0,0,0,0,0,0,0,0,0,0.002053388,0.039014374,0,0,0,0,0,0,0.100616016,0,0,0,0,0.659137577,0,0.002053388,0,0,0,0,0
EBAN17-201105162,East FGB,0,0,0,0,0,0,0,0,0,0,0,0,0,0,0,0,0,0,0,0,0.008163265,0,0,0,0,0,0.253061224,0,0,0,0,0,0,0,0,0,0,0,0,0,0,0,0,0,0,0,0,0,0.097959184,0,0,0,0,0,0,0.404081633,0,0,0,0,0.236734694,0,0,0,0,0,0,0
EBAN20-201105173,East FGB,0,0,0,0,0,0,0,0,0,0,0,0,0,0,0,0,0,0,0,0,0.010238908,0,0,0,0,0,0.358361775,0,0,0,0,0,0,0,0,0,0,0,0,0,0,0,0,0,0,0,0,0,0.075085324,0,0,0,0,0,0,0.457337884,0,0,0,0,0.088737201,0.010238908,0,0,0,0,0,0
EBAN23-201105173,East FGB,0,0,0,0,0,0,0,0,0,0,0,0,0,0,0,0,0,0,0,0,0.053613054,0,0,0,0,0,0.331002331,0,0,0,0,0,0,0,0,0,0,0,0,0,0,0,0,0,0,0,0,0,0.10955711,0,0,0,0,0,0,0.484848485,0,0,0,0,0.020979021,0,0,0,0,0,0,0
EBAN28-201105173,East FGB,0,0,0,0,0,0,0.008385744,0,0,0,0,0,0,0,0.002096436,0,0,0,0,0,0.029350105,0,0,0.002096436,0,0,0.731656184,0,0,0,0,0,0,0.008385744,0,0,0,0,0,0,0,0,0,0,0,0,0,0,0.033542977,0,0,0,0,0,0,0.182389937,0,0,0,0,0.002096436,0,0,0,0,0,0,0
EBC01-201005212,East FGB,0,0,0,0,0,0,0,0,0,0,0,0,0,0,0.046808511,0,0,0,0,0,0,0,0,0,0,0,0.055319149,0,0,0,0,0,0.144680851,0,0,0,0,0,0.076595745,0,0,0,0,0,0,0,0.425531915,0,0.046808511,0,0.021276596,0,0,0,0.063829787,0.089361702,0,0,0,0,0.029787234,0,0,0,0,0,0,0
EBC02-201005212,East FGB,0,0,0,0,0,0,0,0,0,0,0,0,0,0,0.078740157,0,0.145669291,0,0,0,0,0,0,0,0,0,0.103674541,0,0,0,0,0,0,0.002624672,0,0,0,0,0.019685039,0,0,0,0,0,0,0.076115486,0,0,0.338582677,0,0.00656168,0.009186352,0,0,0,0.186351706,0,0,0.003937008,0.001312336,0.005249344,0.022309711,0,0,0,0,0,0
EBC03-201005212,East FGB,0,0.001968504,0,0,0,0,0,0,0,0,0,0,0,0,0.106299213,0,0,0,0,0,0.023622047,0,0,0,0,0,0.088582677,0,0,0,0,0,0,0.039370079,0,0,0,0,0.019685039,0,0,0,0,0,0,0.098425197,0,0,0.151574803,0,0,0,0,0,0.080708661,0.364173228,0,0,0.023622047,0,0.001968504,0,0,0,0,0,0,0
EBC04-201005212,East FGB,0,0,0,0,0,0,0,0,0,0,0,0,0,0,0.13271028,0,0,0,0,0,0.007476636,0,0,0,0,0,0.087850467,0,0,0,0,0,0,0,0,0,0.026168224,0,0.127102804,0,0,0,0,0,0,0.042990654,0,0,0.054205607,0,0.01682243,0.009345794,0,0,0,0.381308411,0,0,0,0,0.082242991,0.031775701,0,0,0,0,0,0
EBC05-201005212,East FGB,0.002544529,0,0,0,0,0,0,0,0,0,0,0,0,0,0.117048346,0,0,0,0,0,0.005089059,0,0,0,0,0,0.071246819,0,0,0,0,0,0,0,0,0,0,0,0.022900763,0,0,0,0,0,0,0.300254453,0.076335878,0.002544529,0.043256997,0,0.050890585,0,0,0,0.150127226,0.06870229,0,0,0,0.061068702,0.027989822,0,0,0,0,0,0,0
EBC06-201005212,East FGB,0,0,0,0,0,0,0,0,0,0,0,0,0,0,0.169761273,0,0.01061008,0,0,0,0.00530504,0,0,0,0,0,0.175066313,0,0,0,0,0,0,0,0,0,0,0,0.018567639,0,0,0,0,0,0,0.310344828,0.00530504,0,0.031830239,0,0.013262599,0,0,0,0.124668435,0.111405836,0,0,0,0,0.023872679,0,0,0,0,0,0,0
EBCA02-201005181,East FGB,0,0,0,0,0,0,0,0,0,0,0,0,0,0,0.023640662,0,0,0,0,0,0.004728132,0,0,0,0,0,0,0,0,0,0,0,0,0,0,0,0,0,0,0,0,0,0,0,0,0,0,0,0,0,0,0,0,0,0,0.016548463,0,0,0,0,0.952718676,0,0.002364066,0,0,0,0,0
EBCA03-201005181,East FGB,0,0,0,0,0,0,0.016791045,0,0,0,0,0,0,0,0.001865672,0,0,0,0,0,0.001865672,0,0,0.007462687,0,0,0,0,0,0,0,0,0,0,0,0,0,0,0,0,0,0,0,0,0,0,0,0,0,0,0,0,0,0,0,0.003731343,0,0,0,0,0.968283582,0,0,0,0,0,0,0
EBCA04-201005181,East FGB,0,0,0,0,0,0,0,0,0,0,0,0,0,0,0,0,0,0,0,0,0,0,0,0.001584786,0,0,0,0,0,0,0,0,0,0,0,0,0,0,0,0,0,0,0,0,0,0,0,0,0,0,0,0,0,0,0,0.004754358,0,0,0,0,0.993660856,0,0,0,0,0,0,0
EBCA08-201005171,East FGB,0,0,0,0,0,0,0.002475248,0,0.001237624,0,0,0,0,0,0.065594059,0,0,0,0,0,0.002475248,0,0,0,0,0,0.077970297,0,0,0,0,0,0,0,0,0,0,0,0.002475248,0,0,0,0,0,0,0,0,0,0.030940594,0,0,0,0,0,0,0.699257426,0,0,0,0,0.117574257,0,0,0,0,0,0,0
EBCA09-201005171,East FGB,0,0,0,0,0,0,0.004243281,0,0,0,0,0,0,0,0.062234795,0,0,0,0,0,0.007072136,0,0,0,0,0,0.069306931,0,0,0,0,0,0,0,0,0,0,0.001414427,0,0,0,0,0,0,0,0,0,0,0.008486563,0,0,0,0,0.004243281,0,0.663366337,0,0,0,0,0.179632249,0,0,0,0,0,0,0
EBCA09-201105162,East FGB,0,0,0,0,0,0,0,0,0,0,0,0,0,0,0,0,0,0,0,0,0.005617978,0,0,0,0,0,0.174157303,0,0,0,0,0,0,0,0,0,0,0,0,0,0,0,0,0,0,0,0,0,0.007490637,0,0,0,0,0,0,0.617977528,0,0,0,0,0.194756554,0,0,0,0,0,0,0
EBCA10-201005171,East FGB,0,0,0,0,0,0,0,0.001579779,0,0,0,0,0,0,0.04107425,0,0,0,0,0,0.017377567,0,0,0,0,0,0.139020537,0,0,0,0,0,0,0,0,0,0,0.001579779,0,0,0,0,0,0,0,0,0,0,0.022116904,0.001579779,0,0,0,0,0,0.669826224,0,0,0,0,0.101105845,0,0.004739336,0,0,0,0,0
EBCA10-201105162,East FGB,0,0,0,0,0,0,0,0,0,0,0,0,0,0,0,0,0,0,0,0,0.029950083,0,0,0,0,0,0.331114809,0,0,0,0,0,0,0,0,0,0,0,0,0,0,0,0,0,0,0,0,0.001663894,0.029950083,0,0,0,0,0,0,0.500831947,0,0,0,0,0.106489185,0,0,0,0,0,0,0
EBCA11-201005171,East FGB,0,0,0,0,0,0,0,0,0,0,0,0,0,0,0.010192525,0,0,0,0,0,0.003397508,0,0,0.004530011,0,0,0,0,0,0,0,0,0,0,0,0,0,0,0,0,0,0,0,0,0,0,0,0,0,0,0,0,0,0,0,0.011325028,0,0,0,0,0.970554926,0,0,0,0,0,0,0
EBCA12-201005172,East FGB,0,0,0,0,0,0,0,0,0,0,0,0,0,0,0.03,0,0,0,0,0,0.004,0,0,0,0,0,0.108,0,0,0,0,0,0,0,0,0,0,0,0,0,0,0,0,0,0,0,0,0,0.002,0,0,0,0,0,0,0.716,0,0,0,0,0.14,0,0,0,0,0,0,0
EBCA13-201005172,East FGB,0,0,0,0,0,0,0,0,0,0,0,0,0,0,0.01816118,0,0,0,0,0,0.004540295,0,0,0,0,0,0.01816118,0,0,0,0,0,0,0,0,0,0,0.001135074,0,0,0,0,0,0,0,0,0,0,0.005675369,0.001135074,0,0,0,0,0,0.407491487,0,0,0,0,0.543700341,0,0,0,0,0,0,0
EBCA14-201005171,East FGB,0,0,0,0,0,0,0,0,0,0,0,0,0,0,0.026584867,0,0,0,0,0,0.00408998,0,0,0,0,0,0.038854806,0,0,0,0,0,0,0,0,0,0.005112474,0,0.100204499,0,0,0,0,0,0,0,0,0,0.016359918,0,0.009202454,0,0,0,0,0.31390593,0,0,0,0,0.419222904,0.066462168,0,0,0,0,0,0
EBCA15-201005172,East FGB,0,0,0,0,0,0,0,0,0,0,0,0,0,0,0.050607287,0,0,0,0,0,0.038461538,0,0,0,0,0,0.070850202,0,0,0,0,0,0,0,0,0,0,0,0,0,0,0,0,0,0,0,0,0,0,0,0,0,0,0,0,0.33805668,0,0,0,0,0.502024291,0,0,0,0,0,0,0
EBCA29-201105163,East FGB,0,0,0,0,0,0,0.002141328,0,0,0,0,0,0,0,0.012847966,0,0,0,0,0,0.034261242,0,0,0,0,0,0.111349036,0,0,0,0,0,0,0,0,0,0,0,0,0,0,0,0,0,0,0,0,0,0.276231263,0,0,0,0,0,0,0.52248394,0,0,0,0,0.040685225,0,0,0,0,0,0,0
EBCA30-201105163,East FGB,0,0,0,0,0,0,0,0,0,0,0,0,0,0,0.015037594,0,0,0,0,0,0.016917293,0,0,0,0,0,0.163533835,0,0,0,0,0,0,0,0,0,0,0,0,0,0,0,0,0,0,0,0,0,0.281954887,0.003759398,0,0,0,0,0,0.477443609,0,0,0,0,0.041353383,0,0,0,0,0,0,0
EBCA34-201105163,East FGB,0,0,0,0,0,0,0.008298755,0,0,0,0,0,0,0,0.014522822,0,0,0,0,0,0.010373444,0,0,0,0,0,0.145228216,0,0,0,0,0,0,0,0,0,0,0,0,0,0,0,0,0,0,0,0,0,0.026970954,0,0,0,0,0,0,0.763485477,0,0,0,0,0.031120332,0,0,0,0,0,0,0
EBCA36-201105163,East FGB,0,0,0,0,0,0,0,0.009677419,0,0,0,0,0,0,0.001612903,0,0,0,0,0,0.020967742,0,0,0.001612903,0,0,0.169354839,0,0,0,0,0,0,0,0,0,0,0,0,0,0,0,0,0,0,0,0,0.001612903,0.001612903,0,0,0,0,0,0,0.640322581,0,0,0,0,0.153225806,0,0,0,0,0,0,0
EBCA38-201105163,East FGB,0,0,0,0,0,0,0.04009434,0,0,0,0,0,0,0,0.011792453,0,0,0,0,0,0.007075472,0,0,0.007075472,0,0,0.202830189,0,0,0,0,0,0,0,0,0,0,0,0,0,0.002358491,0,0,0,0,0,0,0.002358491,0.04009434,0.002358491,0,0,0,0,0,0.504716981,0,0,0,0,0.174528302,0,0.004716981,0,0,0,0,0
EBCA41-201105163,East FGB,0,0,0,0,0,0,0,0,0,0,0,0,0,0,0.003669725,0,0,0,0,0,0.003669725,0,0,0.001834862,0,0,0.053211009,0,0,0,0,0,0,0,0,0,0,0,0,0,0,0,0,0,0,0,0,0.001834862,0,0.001834862,0,0,0,0,0,0.018348624,0,0,0,0,0.911926606,0,0.003669725,0,0,0,0,0
EBCA41-201207311,East FGB,0,0,0,0,0,0,0,0,0,0,0,0,0,0,0.016241299,0,0,0,0,0,0.055684455,0,0,0,0,0,0.07424594,0,0,0,0,0,0,0,0,0,0,0,0,0,0,0,0,0,0,0,0,0,0.197215777,0,0,0,0,0,0,0.533642691,0,0,0,0,0.122969838,0,0,0,0,0,0,0
EBCA42-201105163,East FGB,0,0,0,0,0,0,0,0,0,0,0,0,0,0,0.002227171,0,0,0,0,0,0.031180401,0,0,0,0,0,0.004454343,0,0,0,0,0,0,0,0,0,0,0,0,0,0,0,0,0,0,0,0,0,0,0.006681514,0,0,0,0,0,0.011135857,0,0,0,0,0.944320713,0,0,0,0,0,0,0
EBCA42-201207311,East FGB,0,0,0,0,0,0,0,0,0,0,0,0,0,0,0.01369863,0,0,0,0,0,0.01369863,0,0,0,0,0,0.104109589,0,0,0,0,0,0,0,0,0,0,0,0,0,0,0,0,0,0,0,0,0,0.084931507,0,0,0,0,0,0,0.690410959,0,0,0,0,0.093150685,0,0,0,0,0,0,0
EBCA43-201105163,East FGB,0,0,0,0,0,0,0,0,0,0,0,0,0,0,0,0,0,0.012170385,0,0,0,0,0,0.006085193,0,0,0.002028398,0,0,0,0,0,0,0,0,0,0,0,0,0,0,0,0,0,0,0,0,0.004056795,0,0,0,0,0,0,0,0,0,0,0,0,0.975659229,0,0,0,0,0,0,0
EBCA43-201207311,East FGB,0,0,0,0,0,0,0.005449591,0,0,0.002724796,0,0,0,0,0.059945504,0,0,0,0,0,0.027247956,0,0,0,0,0,0.133514986,0,0,0,0,0,0,0,0,0,0,0,0,0,0,0,0,0,0,0,0,0,0.125340599,0,0,0,0,0,0,0.465940054,0,0,0,0,0.179836512,0,0,0,0,0,0,0
EBCA44-201207311,East FGB,0,0,0,0,0,0,0,0,0,0,0,0,0,0,0.035812672,0,0,0,0,0,0.011019284,0,0,0,0,0,0.082644628,0,0,0,0,0,0,0,0,0,0,0,0,0,0,0,0,0,0,0,0,0,0.143250689,0,0,0,0,0,0,0.636363636,0,0,0,0,0.090909091,0,0,0,0,0,0,0
EBCA45-201105163,East FGB,0,0,0,0,0,0,0,0,0,0,0,0,0,0,0.004106776,0,0,0.055441478,0,0,0.026694045,0,0,0.020533881,0,0,0.004106776,0,0,0,0,0,0,0,0,0,0,0,0,0,0,0,0,0,0,0,0,0,0,0.004106776,0,0,0,0,0,0.034907598,0,0,0,0,0.848049281,0,0.002053388,0,0,0,0,0
EBCA45-201207305,East FGB,0,0,0,0,0,0,0,0,0,0,0,0,0,0,0.031830239,0,0,0,0,0,0.026525199,0,0,0,0,0,0.108753316,0,0,0,0,0,0,0,0,0,0,0,0,0,0,0,0,0,0,0,0,0,0.013262599,0,0,0,0,0,0,0.814323607,0,0,0,0,0.00530504,0,0,0,0,0,0,0
EBCA46-201207305,East FGB,0,0,0.00143472,0,0,0,0,0,0,0,0,0,0,0,0.010043042,0,0,0,0,0,0.007173601,0,0,0,0,0,0.025824964,0,0,0,0,0,0,0,0,0,0,0,0,0,0,0,0,0,0,0,0,0,0.020086083,0,0,0,0,0,0,0.209469154,0,0,0,0,0.725968436,0,0,0,0,0,0,0
EBCA47-201207305,East FGB,0,0,0,0,0,0,0,0,0,0.002898551,0,0,0,0,0.026086957,0,0,0,0,0,0.046376812,0,0,0,0,0,0.153623188,0,0,0,0,0,0,0,0,0,0,0,0,0,0,0,0,0,0,0,0,0,0,0,0,0,0,0,0,0.698550725,0,0,0,0,0.072463768,0,0,0,0,0,0,0
EBCA48-201207305,East FGB,0,0,0,0,0,0,0,0,0,0.002272727,0,0,0,0,0.009090909,0,0,0,0,0,0.015909091,0,0,0,0,0,0.009090909,0,0,0,0,0,0,0,0,0,0,0,0,0,0,0,0,0,0,0,0,0,0,0,0,0,0,0,0,0.065909091,0,0,0,0,0.897727273,0,0,0,0,0,0,0
EBCA49-201207305,East FGB,0,0,0,0,0,0,0,0,0,0,0,0,0,0,0,0,0,0,0,0,0,0,0,0,0,0,0.002,0,0,0,0,0,0,0,0,0,0,0,0,0,0,0,0,0,0,0,0,0,0,0,0,0,0,0,0,0,0,0,0,0,0.998,0,0,0,0,0,0,0
EBCA50-201207303,East FGB,0,0,0,0,0,0,0,0,0,0.008042895,0,0,0,0,0.018766756,0,0,0,0,0,0.010723861,0,0,0,0,0,0.053619303,0,0,0,0,0,0,0,0,0,0,0,0,0,0,0,0,0,0,0,0,0,0.037533512,0,0,0.002680965,0,0,0,0.075067024,0,0,0,0,0.772117962,0,0.021447721,0,0,0,0,0
EBCA54-201207302,East FGB,0,0,0,0,0,0,0,0,0,0,0,0,0.001422475,0,0,0,0,0,0,0,0.014224751,0,0,0.001422475,0,0,0.001422475,0,0,0,0,0,0,0,0,0,0,0,0,0,0,0,0,0,0,0,0,0,0,0.008534851,0,0,0,0,0,0.035561878,0,0,0,0,0.93029872,0,0,0,0,0.007112376,0,0
EBCA55-201207302,East FGB,0,0,0,0,0,0,0,0,0,0,0,0,0,0,0,0,0,0,0,0,0,0,0,0,0,0,0,0,0,0,0,0,0,0,0,0,0,0,0,0,0,0,0,0,0,0,0,0,0,0,0,0,0,0,0,0,0,0,0,0,1,0,0,0,0,0,0,0
EBCA56-201207302,East FGB,0,0,0,0,0,0,0,0.001692047,0,0,0,0,0,0,0.001692047,0,0,0,0,0,0.00676819,0,0,0.001692047,0,0,0.008460237,0,0,0,0,0,0,0,0,0,0,0,0,0,0,0,0,0,0.001692047,0,0,0.001692047,0.025380711,0.018612521,0,0,0,0,0,0.145516074,0,0,0,0,0.785109983,0,0.001692047,0,0,0,0,0
EBCA57-201207302,East FGB,0,0,0,0,0,0,0,0,0,0,0,0,0,0,0.001253133,0,0,0,0,0,0,0,0,0.001253133,0,0,0.001253133,0,0,0,0,0,0,0,0,0,0,0,0,0,0,0,0,0,0,0,0,0,0,0.012531328,0,0,0,0,0,0,0,0,0,0,0.983709273,0,0,0,0,0,0,0
EBCA58-201207302,East FGB,0,0,0,0,0,0,0,0,0,0,0,0,0,0,0,0,0,0,0,0,0,0,0,0,0,0,0,0,0,0,0,0,0,0,0,0,0,0,0,0,0,0,0,0,0,0,0,0,0,0,0,0,0,0,0,0,0,0,0,0,1,0,0,0,0,0,0,0
EBCA59-201207302,East FGB,0,0,0,0,0,0,0,0,0,0,0,0,0,0,0,0,0,0,0,0,0.00729927,0,0,0,0,0,0,0,0,0,0,0,0,0,0,0,0,0,0,0,0,0,0,0,0,0,0,0,0,0.005474453,0,0,0,0,0,0,0,0,0,0,0.987226277,0,0,0,0,0,0,0
EBCA60-201207302,East FGB,0,0,0,0,0,0,0,0,0,0,0,0,0,0,0,0,0,0,0,0,0.007168459,0,0,0,0,0,0,0,0,0,0,0,0,0,0,0,0,0,0,0,0.003584229,0,0,0,0,0,0,0,0,0.010752688,0,0,0,0,0,0.001792115,0,0,0,0,0.976702509,0,0,0,0,0,0,0
EBDC00-201105161,East FGB,0,0,0,0,0,0,0,0,0,0,0,0,0,0,0,0,0,0.004010695,0,0,0.001336898,0,0,0,0,0,0.002673797,0,0,0,0,0,0,0,0,0,0,0,0,0,0,0,0,0,0,0,0,0,0,0,0,0,0,0,0,0.002673797,0,0,0,0,0.989304813,0,0,0,0,0,0,0
EBDC01-201005184,East FGB,0,0,0,0,0,0,0.007352941,0.001470588,0,0,0,0,0,0,0,0,0,0,0,0,0,0,0,0,0,0,0,0,0,0,0,0,0,0,0,0,0,0,0,0,0,0,0,0,0,0,0,0.002941176,0,0,0,0,0,0,0,0,0,0,0,0,0.982352941,0,0.005882353,0,0,0,0,0
EBDC01-201105161,East FGB,0,0,0,0,0,0,0,0,0,0,0,0,0,0,0,0,0,0.002512563,0,0,0,0,0,0,0,0,0,0,0,0,0,0,0,0,0,0,0,0,0,0,0,0,0,0,0,0,0,0,0,0,0,0,0,0,0,0.007537688,0,0,0,0,0.989949749,0,0,0,0,0,0,0
EBDC02-201005184,East FGB,0,0,0,0,0,0,0,0.008510638,0,0,0,0,0,0,0,0,0,0,0,0,0.00141844,0,0,0,0,0,0,0,0,0,0,0,0,0,0,0,0,0,0,0,0,0,0,0,0,0,0,0,0,0,0,0,0,0,0,0,0,0,0,0,0.978723404,0,0.011347518,0,0,0,0,0
EBDC02-201105161,East FGB,0,0,0,0,0,0,0,0,0,0,0,0,0,0,0,0,0,0.004008016,0,0,0,0,0,0,0,0,0,0,0,0,0,0,0,0,0,0,0,0,0,0,0,0,0,0,0,0,0,0,0,0,0,0,0,0,0,0,0,0,0,0,0.995991984,0,0,0,0,0,0,0
EBDC03-201005182,East FGB,0,0,0,0,0,0,0,0,0,0,0,0,0,0,0,0,0,0,0,0,0,0,0,0.001451379,0,0,0,0,0,0,0,0,0,0,0,0,0,0,0,0,0,0,0,0,0,0,0,0,0,0,0,0,0,0,0,0,0,0,0,0,0.994194485,0,0.004354136,0,0,0,0,0
EBDC04-201005182,East FGB,0,0,0,0,0,0,0,0,0,0,0,0,0,0,0,0,0,0,0,0,0,0,0,0,0,0,0,0,0,0,0,0,0,0,0,0,0,0,0,0,0.00257732,0,0,0,0,0,0,0,0,0,0,0,0,0,0,0,0,0,0,0,0.99742268,0,0,0,0,0,0,0
EBDC05-201005184,East FGB,0,0,0,0,0,0,0,0.001579779,0,0,0,0,0,0,0,0,0,0,0,0,0,0,0,0.001579779,0,0,0,0,0,0,0,0,0,0,0,0,0,0,0,0,0,0,0,0,0,0,0,0,0,0,0,0,0,0,0,0,0,0,0,0,0.995260664,0,0.001579779,0,0,0,0,0
EBDC05-201105161,East FGB,0,0,0,0,0,0,0,0,0,0,0,0,0,0,0,0,0,0,0,0,0,0,0,0,0,0,0,0,0,0,0,0,0,0,0,0,0,0,0,0,0,0,0,0,0,0,0,0,0,0,0,0,0,0,0,0,0,0,0,0,0.995,0,0.005,0,0,0,0,0
EBDC06-201005181,East FGB,0,0,0,0,0,0,0,0,0,0,0,0,0,0,0,0,0,0,0,0,0,0,0,0,0,0,0,0,0,0,0,0,0,0,0,0,0,0,0,0,0,0,0,0,0,0,0,0,0,0,0,0,0,0,0,0,0,0,0,0,0.998778999,0,0.001221001,0,0,0,0,0
EBDC08-201005181,East FGB,0,0,0,0,0,0,0,0,0,0,0,0,0,0,0,0,0,0,0,0,0,0,0,0.00681431,0,0,0,0,0,0,0,0,0,0,0,0,0,0,0,0,0,0,0,0,0,0,0,0,0,0,0,0,0,0,0,0,0,0,0,0,0.988074957,0,0.005110733,0,0,0,0,0
EBDC39-201105163,East FGB,0,0,0,0,0,0,0,0,0,0,0,0,0,0,0,0,0,0,0,0,0,0,0,0,0,0,0,0,0,0,0,0,0,0,0,0,0,0,0,0,0,0,0,0,0,0,0,0,0,0,0,0,0,0,0,0,0,0,0,0,1,0,0,0,0,0,0,0
EBDC46-201105163,East FGB,0,0,0,0,0,0,0,0,0,0,0,0,0,0,0.002004008,0,0,0,0,0,0,0,0,0,0,0,0,0,0,0,0,0,0,0,0,0,0,0,0,0,0,0,0,0,0,0,0,0,0,0,0,0,0,0,0,0.006012024,0,0,0,0,0.991983968,0,0,0,0,0,0,0
EBDC47-201105171,East FGB,0,0,0,0,0,0,0.006677796,0,0,0,0,0,0,0,0,0,0,0,0,0,0.001669449,0,0,0,0,0,0.005008347,0,0,0,0,0,0,0,0,0,0,0,0,0,0,0,0,0,0,0,0,0,0,0.001669449,0,0,0,0,0,0.005008347,0,0,0,0,0.974958264,0,0.005008347,0,0,0,0,0
EBDC48-201105163,East FGB,0,0,0,0,0,0,0,0,0,0,0,0,0,0,0,0,0,0,0,0,0,0,0,0,0,0,0,0,0,0,0,0,0,0,0,0,0,0,0,0,0,0,0,0,0,0,0,0,0,0,0,0,0,0,0,0,0,0,0,0,1,0,0,0,0,0,0,0
EBDC49-201105163,East FGB,0,0,0,0,0,0,0.002222222,0,0,0,0,0,0,0,0,0,0,0,0,0,0,0,0,0,0,0,0,0,0,0,0,0,0,0,0,0,0,0,0,0,0,0,0,0,0,0,0,0,0,0,0,0,0,0,0,0,0,0,0,0,0.991111111,0,0.006666667,0,0,0,0,0
EBDC50-201105171,East FGB,0,0,0,0,0,0,0,0,0,0,0,0,0,0,0,0,0,0,0,0,0.004,0,0,0,0,0,0,0,0,0,0,0,0,0,0,0,0,0,0,0,0,0,0,0,0,0,0,0,0,0,0,0,0,0,0,0,0,0,0,0,0.996,0,0,0,0,0,0,0
EBDC51-201105163,East FGB,0,0,0,0,0,0,0,0,0,0,0,0,0,0,0,0,0,0,0,0,0,0,0,0,0,0,0.003636364,0,0,0,0,0,0,0,0,0,0,0,0,0,0,0,0,0,0,0,0,0,0,0,0,0,0,0,0,0,0,0,0,0,0.989090909,0,0.007272727,0,0,0,0,0
EBDC53-201105172,East FGB,0,0,0,0,0,0,0,0,0,0,0,0,0,0,0,0,0,0,0,0,0,0,0,0,0,0,0,0,0,0,0,0,0,0,0,0,0,0,0,0,0,0,0,0,0,0,0,0,0,0,0,0,0,0,0,0,0,0,0,0,1,0,0,0,0,0,0,0
EBDC54-201105172,East FGB,0,0,0,0,0,0,0,0,0,0,0,0,0,0,0,0,0,0.009090909,0,0,0,0,0,0,0,0,0,0,0,0,0,0,0,0,0,0,0,0,0,0,0,0,0,0,0,0,0,0,0,0,0,0,0,0,0,0,0,0,0,0,0.990909091,0,0,0,0,0,0,0
EBDC61-201208027,East FGB,0,0,0,0,0,0,0,0,0,0,0,0,0,0,0,0,0,0.012528474,0,0,0.006833713,0,0,0.002277904,0,0,0.001138952,0,0,0,0.01594533,0,0,0,0,0.004555809,0,0,0,0,0.005694761,0,0,0,0,0,0,0,0.001138952,0.005694761,0,0,0,0,0,0.001138952,0,0,0,0,0.940774487,0,0.002277904,0,0,0,0,0
EBDC62-201208027,East FGB,0,0,0,0,0,0,0,0.009795191,0,0,0,0,0,0,0,0,0,0.002671416,0,0,0.00445236,0,0,0,0,0,0.002671416,0,0,0,0,0,0,0,0,0,0,0,0,0,0.000890472,0,0,0,0,0,0,0.000890472,0,0.005342832,0,0,0,0,0,0.002671416,0,0,0,0,0.970614426,0,0,0,0,0,0,0
EBDC65-201208026,East FGB,0,0,0,0,0,0,0,0,0,0,0,0,0,0,0,0,0,0.006198347,0,0,0,0,0,0.002066116,0,0,0,0,0,0,0,0,0,0,0,0,0,0,0,0,0,0,0,0,0,0,0,0,0,0.008264463,0,0,0,0,0,0.002066116,0,0,0,0,0.981404959,0,0,0,0,0,0,0
EBDC66-201208026,East FGB,0,0,0,0,0,0,0.008784773,0.002928258,0,0,0,0,0,0,0.002928258,0,0,0,0,0,0.039531479,0,0,0.002928258,0,0,0.089311859,0,0,0,0,0,0,0,0,0,0,0,0,0,0.007320644,0,0,0,0,0,0,0.011713031,0.002928258,0.005856515,0,0,0,0,0,0.06295754,0,0,0,0,0.75988287,0,0.002928258,0,0,0,0,0
EBDC70-201208024,East FGB,0,0,0,0,0,0,0.011119936,0.009531374,0,0,0,0,0,0,0,0,0,0.002382844,0,0,0.002382844,0,0,0.001588562,0,0,0.001588562,0,0,0,0,0,0,0.000794281,0,0,0,0,0,0,0.009531374,0,0,0,0,0,0,0.004765687,0,0.015091342,0,0,0,0,0,0.006354249,0,0,0,0,0.934868944,0,0,0,0,0,0,0
EBDC71-201208025,East FGB,0,0,0,0,0,0,0.001086957,0.006521739,0,0,0,0,0,0,0,0,0,0.005434783,0,0,0.00326087,0,0,0.00326087,0,0,0.005434783,0,0,0,0,0,0,0,0,0,0,0,0,0,0.034782609,0,0,0,0,0,0,0.002173913,0,0.017391304,0,0,0,0,0,0.006521739,0,0,0,0,0.913043478,0,0,0,0,0.001086957,0,0
EBDC73-201208023,East FGB,0,0,0,0,0,0,0.003333333,0,0,0,0,0,0,0,0,0,0,0,0,0,0.004444444,0,0,0,0,0,0,0,0,0,0,0,0,0,0,0,0,0,0,0,0,0,0,0,0,0,0,0,0.001111111,0,0,0,0,0,0,0.001111111,0,0,0,0,0.99,0,0,0,0,0,0,0
EBDC74-201208022,East FGB,0,0,0,0,0,0,0.001111111,0,0,0,0,0,0,0,0,0,0,0,0,0,0,0,0,0,0,0,0,0,0,0,0,0,0,0,0,0,0,0,0,0,0,0,0,0,0,0,0,0.002222222,0,0,0,0,0,0,0,0,0,0,0,0,0.99,0,0.006666667,0,0,0,0,0
EBDC75-201207302,East FGB,0,0,0,0,0,0,0,0,0,0,0,0,0,0,0,0,0,0.032967033,0,0,0.043956044,0,0,0.005494505,0,0,0.005494505,0,0,0,0,0,0,0,0,0,0,0,0,0,0,0,0,0,0,0,0,0,0,0.016483516,0,0,0,0,0,0.054945055,0,0,0,0,0.840659341,0,0,0,0,0,0,0
EBDC76-201207302,East FGB,0,0,0,0,0,0,0,0,0.00589391,0,0,0,0,0,0.00589391,0,0,0,0,0,0.017681729,0,0,0,0,0,0.003929273,0,0,0,0,0,0,0,0,0,0,0,0,0,0,0,0,0,0,0,0,0.001964637,0,0.007858546,0,0,0,0,0,0.013752456,0,0,0,0,0.94302554,0,0,0,0,0,0,0
EBDC77-201207304,East FGB,0,0,0,0,0,0,0.036398467,0,0,0.003831418,0,0,0,0,0.001915709,0,0,0.001915709,0,0,0.022988506,0,0,0.022988506,0,0,0.03256705,0,0,0,0,0,0,0,0,0,0,0,0,0,0,0,0,0,0,0,0,0,0.005747126,0.001915709,0,0,0,0,0,0.118773946,0,0,0,0,0.739463602,0,0.011494253,0,0,0,0,0
EBDC78-201207304,East FGB,0,0,0,0,0,0,0,0,0,0,0,0,0,0,0.003875969,0,0,0,0,0,0.005813953,0,0,0,0,0,0,0,0.003875969,0,0,0,0,0,0,0,0,0,0,0,0,0,0,0,0,0,0,0.003875969,0,0.013565891,0,0,0,0,0,0.019379845,0,0,0,0,0.949612403,0,0,0,0,0,0,0
EBDC79-201207301,East FGB,0,0,0,0,0,0,0.001869159,0,0,0,0,0,0.001869159,0,0,0,0,0,0,0,0.001869159,0,0,0.005607477,0,0,0,0,0,0,0,0,0,0,0.001869159,0,0,0,0,0,0.005607477,0,0,0,0,0,0,0.001869159,0.001869159,0.011214953,0,0,0,0,0,0.001869159,0,0,0,0,0.964485981,0,0,0,0,0,0,0
EBDC80-201207301,East FGB,0,0,0,0,0,0,0,0.00807537,0,0,0,0,0,0,0,0,0,0,0,0,0,0,0,0.001345895,0,0,0,0,0,0,0,0,0,0,0,0,0,0,0,0,0.00269179,0,0,0,0,0,0,0,0,0.004037685,0,0,0,0,0,0,0,0,0,0,0.982503365,0,0,0,0,0.001345895,0,0
EBDC81-201208021,East FGB,0,0,0,0,0,0,0,0,0,0,0,0,0,0,0,0,0,0,0,0,0,0,0,0,0,0,0,0,0,0,0,0,0,0,0,0,0,0,0,0,0,0,0,0,0,0,0,0,0,0,0,0,0,0,0,0,0,0,0,0,1,0,0,0,0,0,0,0
EBDC82-201207301,East FGB,0,0,0,0,0,0,0,0,0,0,0,0,0,0,0,0,0,0,0,0,0,0,0,0,0,0,0,0,0,0,0,0,0,0,0,0,0,0,0,0,0,0,0,0,0,0,0,0,0,0,0,0,0,0,0,0,0,0,0,0,1,0,0,0,0,0,0,0
EBDC83-201207301,East FGB,0,0,0,0,0,0,0.004813478,0,0,0,0,0,0,0,0,0,0,0,0,0,0,0,0,0,0,0,0,0,0,0,0,0,0,0,0,0,0,0,0,0,0,0,0,0,0,0,0,0,0,0,0,0,0,0,0,0,0,0,0,0,0.975932611,0,0.019253911,0,0,0,0,0
EBDC84-201207301,East FGB,0,0,0,0,0,0,0,0,0,0,0,0,0,0,0,0,0,0,0,0,0,0,0,0,0,0,0,0,0,0,0,0,0,0,0,0,0,0,0,0,0,0,0,0,0,0,0,0,0,0,0,0,0,0,0,0,0,0,0,0,0.99875,0,0.00125,0,0,0,0,0
EBDC85-201207301,East FGB,0,0,0,0,0,0,0,0,0,0,0,0,0,0,0,0,0,0,0,0,0,0,0,0,0,0,0,0,0,0,0,0,0,0,0,0,0,0,0,0,0,0,0,0,0,0,0,0,0,0,0,0,0,0,0,0,0,0,0,0,1,0,0,0,0,0,0,0
EBSB03-201105161,East FGB,0,0,0,0,0,0,0,0,0,0,0,0,0,0,0,0,0,0,0,0,0,0,0,0,0,0,0,0,0,0,0,0,0,0,0,0,0,0,0,0,0,0,0,0,0,0,0,0,0,0,0,0,0,0,0,0,0,0,0,0,1,0,0,0,0,0,0,0
EBSB10-201005173,East FGB,0,0,0,0,0,0,0,0,0,0,0,0,0,0,0,0,0,0,0,0,0,0,0,0,0,0,0,0,0,0,0,0,0,0,0,0,0,0,0,0,0,0,0,0,0,0,0,0,0,0,0,0,0,0,0,0,0,0,0,0,1,0,0,0,0,0,0,0
EBSB15-201005172,East FGB,0,0,0,0,0,0,0,0,0,0,0,0,0,0,0,0,0,0,0,0,0.001724138,0,0,0.003448276,0.003448276,0,0,0,0,0,0,0,0,0,0,0,0,0,0,0,0,0,0,0,0,0,0,0,0,0,0,0,0,0,0,0,0,0,0,0,0.99137931,0,0,0,0,0,0,0
EBSB35-201105163,East FGB,0,0,0,0,0,0,0,0,0,0,0,0,0,0,0,0,0,0,0,0,0,0,0,0,0,0,0,0,0,0,0,0,0,0,0,0,0,0,0,0,0,0,0,0,0,0,0,0,0,0,0,0,0,0,0,0,0,0,0,0,1,0,0,0,0,0,0,0
201507091 - Transect 01,Geyer,0,0,0,0,0.000726744,0,0,0,0,0,0,0,0,0,0.244912791,0,0,0.01380814,0.577034884,0,0.005087209,0,0,0,0.00872093,0.016715116,0.04505814,0,0.000726744,0,0,0.012354651,0,0,0.003633721,0,0,0,0,0,0,0,0,0,0,0,0,0,0,0.003633721,0,0,0,0,0,0.002906977,0,0,0,0,0.058139535,0,0,0,0,0,0.006540698,0
201507091 - Transect 02,Geyer,0,0,0,0,0,0,0.002248876,0,0,0.000749625,0,0,0,0,0.194902549,0,0,0.005997001,0.510494753,0,0.005997001,0,0.000749625,0,0.000749625,0.00149925,0.114692654,0,0,0,0,0,0,0,0,0,0,0,0,0,0,0,0,0,0,0,0,0,0,0,0,0,0,0,0,0.006746627,0,0,0,0,0.117691154,0,0,0,0,0,0.037481259,0
201507091 - Transect 03,Geyer,0,0,0,0,0,0,0,0,0,0.000851064,0,0,0,0,0.151489362,0,0,0.024680851,0.565106383,0.001702128,0.005957447,0,0,0,0,0.019574468,0.06893617,0,0,0,0,0,0,0,0.031489362,0,0,0,0,0,0,0,0.000851064,0,0,0,0,0,0,0.001702128,0,0,0,0,0,0.002553191,0,0,0,0,0.057021277,0,0,0,0,0,0.068085106,0
201507091 - Transect 04,Geyer,0,0,0,0,0,0,0.00078064,0,0,0,0,0,0,0,0.238875878,0,0,0.007806401,0.12490242,0,0.00312256,0,0,0,0,0.004683841,0.120999219,0,0,0,0,0,0,0,0,0,0,0,0,0,0,0,0,0,0,0,0,0,0,0,0,0,0,0,0,0.00078064,0,0,0,0,0.345823575,0,0,0,0,0,0.152224824,0
201507091 - Transect 05,Geyer,0,0,0,0,0.000674764,0,0,0,0,0,0,0,0,0,0.141700405,0,0,0.004723347,0.038461538,0,0.000674764,0,0,0,0,0.001349528,0.038461538,0,0.001349528,0,0,0,0,0,0,0,0,0,0,0,0,0,0,0,0,0,0,0,0,0,0,0,0,0,0,0.000674764,0,0,0,0,0.535762483,0,0,0,0,0,0.235492578,0.000674764
201507091 - Transect 06,Geyer,0,0,0,0,0.003671072,0,0.003671072,0,0,0.002936858,0,0,0,0,0.184287812,0,0,0,0.437591777,0,0.003671072,0,0,0,0,0.015418502,0.042584435,0,0,0,0,0,0,0,0,0,0,0,0,0,0,0,0,0,0,0,0,0,0,0,0,0,0,0,0,0,0,0,0,0,0.178414097,0,0,0,0,0,0.12701909,0.000734214
201507091 - Transect 07,Geyer,0,0,0,0,0.004451039,0,0.006676558,0,0,0,0,0,0,0,0.198813056,0,0,0.002225519,0.373145401,0,0.004451039,0,0,0,0,0.002225519,0.117952522,0,0,0,0,0,0,0,0,0,0,0,0,0,0,0,0,0,0,0,0,0.00074184,0,0,0,0,0,0,0,0,0,0,0,0,0.235905045,0,0,0,0,0,0.053412463,0
201507091 - Transect 08,Geyer,0,0,0,0,0,0,0.003281378,0,0,0,0,0,0,0,0.230516817,0,0,0.002461034,0.493847416,0,0.011484824,0,0,0,0,0.01804758,0.076292043,0,0,0,0,0,0,0,0,0,0,0,0,0,0,0,0,0,0,0,0,0,0,0.003281378,0,0,0,0,0,0,0,0,0,0,0.113207547,0,0.001640689,0,0,0,0.04511895,0.000820345
201507091 - Transect 09,Geyer,0,0,0,0,0,0,0.000728332,0,0,0,0,0,0,0,0.174799709,0,0,0.018208303,0.2199563,0,0.001456664,0,0,0,0,0.001456664,0.046613256,0,0,0,0,0,0,0,0,0,0,0,0,0,0,0,0,0,0,0,0,0,0,0.000728332,0,0,0,0,0,0.002184996,0,0,0,0,0.371449381,0,0,0,0,0,0.160961398,0.001456664
201507092 - Transect 01,Geyer,0,0,0,0,0,0,0,0,0,0,0,0,0,0,0.278052223,0,0,0.030345801,0.128440367,0.000705716,0.001411433,0,0,0,0,0.009174312,0.05716302,0,0.000705716,0,0,0,0,0,0,0,0,0,0,0,0,0,0,0,0,0,0,0,0,0.000705716,0,0,0,0,0,0.000705716,0,0,0,0,0.408609739,0,0,0,0,0,0.08398024,0
201507092 - Transect 02,Geyer,0,0,0,0,0,0,0,0,0,0,0,0,0,0,0.317149569,0,0,0.004698512,0.158183242,0,0.000783085,0,0,0,0,0.003915427,0.036021926,0,0.000783085,0,0,0,0,0,0,0,0,0,0,0,0,0,0,0,0,0,0,0,0,0,0,0,0,0,0,0.001566171,0,0,0,0,0.433829287,0,0,0,0,0,0.042286609,0.000783085
201507092 - Transect 03,Geyer,0,0,0,0,0,0,0,0,0,0,0,0,0,0,0.283975659,0,0,0.006085193,0.074374577,0,0.000676133,0,0,0,0,0,0.041920216,0,0,0,0,0,0,0,0,0,0,0,0,0,0,0,0,0,0,0,0,0,0,0,0,0,0,0,0,0.004732928,0.001352265,0,0,0,0.578093306,0,0.00270453,0,0,0,0.006085193,0
201507092 - Transect 04,Geyer,0,0,0,0,0,0,0.001380262,0,0,0,0,0,0,0,0.430641822,0,0,0,0.142167012,0,0.013802622,0.112491373,0,0,0,0,0.140096618,0,0,0,0,0,0,0,0,0,0,0,0,0,0,0,0,0,0,0,0,0.005521049,0,0,0,0,0,0,0,0,0.002070393,0,0,0,0.048309179,0,0,0,0,0,0.102829538,0.000690131
201507092 - Transect 05,Geyer,0,0,0,0,0,0,0,0,0,0,0,0,0,0,0.325047801,0,0,0.003824092,0.374760994,0,0.010834927,0.000637349,0,0,0,0.002549395,0.025493945,0,0,0,0,0,0,0,0,0,0,0,0,0,0,0,0,0,0,0,0,0,0,0.001912046,0,0,0,0,0,0.001274697,0,0,0,0,0.224346718,0,0,0,0,0,0.029318037,0
201507092 - Transect 06,Geyer,0,0,0,0,0.001452433,0.002904866,0.002178649,0,0,0,0,0,0,0,0.211328976,0,0,0,0.400145243,0,0.013798112,0.07697894,0.000726216,0,0,0,0.040668119,0,0,0,0,0,0,0,0,0,0,0,0,0,0,0,0,0,0,0,0,0.007262164,0,0,0,0,0,0,0,0.000726216,0,0,0,0,0.045025418,0,0,0,0,0,0.196804648,0
201507092 - Transect 07,Geyer,0,0,0,0,0.000707214,0,0.001414427,0,0.000707214,0,0.000707214,0,0,0.000707214,0.382602546,0,0,0.005657709,0.371994342,0,0.007072136,0.001414427,0,0,0,0.005657709,0.018387553,0,0,0,0,0,0,0,0,0,0,0,0,0,0,0,0,0,0,0,0,0,0,0.002121641,0,0,0,0,0,0.002121641,0,0,0,0,0.149222065,0,0,0,0,0,0.048797737,0.000707214
201507092 - Transect 08,Geyer,0,0,0,0,0,0,0.000655308,0,0,0,0,0,0,0,0.334207077,0,0,0.001310616,0.512450852,0,0.00327654,0,0,0,0.002621232,0.00655308,0.011795544,0,0,0,0,0,0,0,0.002621232,0,0,0,0,0,0,0,0.000655308,0,0,0,0,0,0,0,0,0,0,0,0,0.010484928,0,0,0,0,0.063564875,0,0,0,0,0,0.049803408,0
201507093 - Transect 01,Geyer,0,0,0,0,0,0,0,0,0,0,0,0,0,0,0.241164241,0.000693001,0,0,0.60984061,0,0.026334026,0.005544006,0,0,0,0,0.012474012,0,0,0,0,0,0,0,0,0,0,0,0,0,0,0,0,0,0,0,0,0.000693001,0,0,0,0,0,0,0,0.006930007,0,0,0,0,0.007623008,0,0,0,0,0,0.088704089,0
201507093 - Transect 02,Geyer,0,0,0,0,0,0,0,0,0,0.013495277,0,0,0,0,0.185560054,0,0,0,0.181511471,0,0.016194332,0,0,0,0,0,0.043859649,0,0,0,0,0,0,0,0,0,0,0,0,0,0,0,0,0,0,0,0,0.002024291,0,0,0,0,0,0,0,0,0,0,0,0,0.344129555,0,0,0,0,0,0.213225371,0
201507093 - Transect 03,Geyer,0,0,0,0,0,0,0,0,0,0,0,0,0,0,0.225988701,0,0,0,0.694915254,0,0.027542373,0,0,0,0,0,0.016949153,0,0,0,0,0,0,0,0,0,0,0,0,0,0,0,0,0,0,0,0,0,0,0,0,0,0,0,0,0,0,0,0,0,0.024011299,0,0,0,0,0,0.01059322,0
201507093 - Transect 04,Geyer,0,0,0,0,0,0.000719424,0,0,0,0,0,0,0,0,0.384172662,0,0,0,0.046043165,0.000719424,0.001438849,0,0,0,0,0,0.015107914,0,0.000719424,0,0,0,0,0,0,0,0,0,0,0,0,0,0,0,0,0,0,0,0,0,0,0,0,0,0,0.002877698,0,0,0,0,0.537410072,0,0.009352518,0,0.000719424,0,0.000719424,0
201507101 - Transect 01,Geyer,0,0,0,0,0,0,0.004570848,0,0,0,0,0,0,0,0.296089385,0,0,0.004062976,0.268664297,0,0.004062976,0,0,0,0,0.009141696,0.034027425,0,0,0,0,0,0,0,0.000507872,0,0,0,0,0,0,0,0,0,0,0,0,0,0,0.000507872,0,0,0,0,0,0.003047232,0,0,0,0,0.345352971,0,0.000507872,0,0,0,0.029456577,0
201507101 - Transect 02,Geyer,0,0,0,0,0,0,0.005021521,0,0,0.012912482,0,0,0,0,0.380200861,0,0,0.00143472,0.221664275,0,0.00215208,0,0,0,0.00071736,0.005738881,0.031563845,0,0.00071736,0,0,0,0,0,0,0,0,0,0,0,0,0,0,0,0,0,0,0.00071736,0,0.00143472,0,0,0,0,0,0.00071736,0,0,0,0,0.321377331,0,0,0,0,0,0.013629842,0
201507101 - Transect 03,Geyer,0,0,0,0,0,0,0,0,0.000628141,0.000628141,0.000628141,0,0,0,0.175879397,0,0,0.001256281,0.595477387,0,0.005025126,0,0,0,0.000628141,0.009422111,0.021984925,0,0,0,0,0,0,0,0.001256281,0,0,0,0,0,0,0,0,0,0,0,0,0,0,0,0,0,0,0,0,0.018844221,0,0,0,0,0.05339196,0,0,0,0,0,0.114949749,0
201507102 - Transect 01,Geyer,0,0,0,0,0,0,0,0,0,0,0,0,0,0,0.252225519,0,0,0.010682493,0.042136499,0.001186944,0.001186944,0,0,0,0,0.002373887,0.008308605,0,0,0,0,0,0,0,0,0,0,0,0,0,0,0,0,0,0,0,0,0.000593472,0,0,0,0,0,0,0,0,0,0,0,0,0.674183976,0,0.00652819,0,0,0,0.000593472,0
201507102 - Transect 02,Geyer,0,0,0,0,0.001638449,0.001638449,0.002184599,0,0,0,0.001092299,0,0,0,0.113599126,0,0,0,0.63025669,0,0.026761333,0.049153468,0.001638449,0,0.00054615,0.001638449,0.008738394,0,0.00054615,0,0,0,0,0,0.006553796,0,0,0,0,0,0,0,0.00054615,0,0,0,0,0,0,0,0,0,0,0,0,0.145821955,0,0,0,0,0.004915347,0,0,0,0,0,0.001638449,0.001092299
201507103 - Transect 01,Geyer,0,0,0,0,0,0,0.008610086,0,0,0.000615006,0,0,0,0,0.249077491,0,0,0,0.279827798,0,0.005535055,0.004305043,0,0,0,0.002460025,0.044280443,0,0.001230012,0,0,0,0,0,0,0,0,0,0,0,0,0,0,0,0,0,0,0.001845018,0,0,0,0,0,0,0,0.000615006,0,0,0,0,0.335793358,0,0.000615006,0,0.001845018,0,0.063345633,0
201507104 - Transect 01,Geyer,0,0,0,0,0,0,0,0,0,0,0,0,0,0,0.273892774,0,0,0,0.153846154,0,0.001165501,0.037296037,0,0,0,0.006993007,0.03962704,0,0,0,0,0,0,0,0,0,0,0,0,0,0.03030303,0,0,0,0,0,0,0,0,0,0,0,0,0,0,0.014568765,0,0,0,0,0.071678322,0,0,0,0,0,0.370629371,0
201507105 - Transect 01,Geyer,0,0,0,0,0,0,0.002751789,0,0.000550358,0,0,0,0,0,0.260319207,0,0,0.011007155,0.132636214,0,0.001100715,0,0,0,0,0.001651073,0.030269675,0,0,0,0,0,0,0,0,0,0,0,0,0,0,0,0,0,0,0,0,0.001651073,0,0,0,0,0,0,0,0.003302146,0,0,0,0,0.529444139,0,0,0,0,0,0.025316456,0
201410271 - Transect 01,McGrail,0,0,0,0,0,0,0,0,0,0,0,0,0,0,0.06935123,0,0,0,0.020134228,0.002237136,0,0,0,0,0,0,0.049217002,0,0.006711409,0,0,0,0,0,0,0,0,0,0,0,0,0,0,0,0,0,0,0,0,0,0,0,0,0,0,0,0,0,0,0,0.84787472,0,0.004474273,0,0,0,0,0
201410271 - Transect 02,McGrail,0,0,0,0,0.004636785,0,0,0,0,0.001545595,0,0,0,0,0.114374034,0,0,0.00309119,0.199381762,0,0,0,0.001545595,0,0.001545595,0.001545595,0.021638331,0,0.041731066,0,0,0,0,0,0,0,0,0,0,0,0,0,0,0,0,0,0,0,0,0.001545595,0,0,0,0,0,0.017001546,0,0,0,0,0.587326121,0,0.001545595,0,0,0,0,0.001545595
201410271 - Transect 03,McGrail,0,0,0,0,0,0.005853659,0.00097561,0,0,0.00195122,0,0,0,0.030243902,0.174634146,0,0,0.00097561,0.362926829,0,0.008780488,0.003902439,0,0,0,0.00097561,0.037073171,0,0,0,0,0,0,0,0.00195122,0,0,0,0,0,0,0,0,0,0,0,0,0,0,0,0,0,0,0,0,0.037073171,0,0,0,0,0.228292683,0,0.00097561,0,0,0,0.103414634,0
201410271 - Transect 04,McGrail,0,0,0,0.000919118,0,0,0,0,0,0.000919118,0,0,0,0.147058824,0.126838235,0,0,0,0.284926471,0,0.025735294,0.040441176,0,0,0,0.006433824,0.193014706,0,0,0,0,0,0,0,0,0,0.003676471,0,0,0,0,0,0,0,0,0,0,0.005514706,0,0,0,0,0,0,0,0.006433824,0,0,0,0,0.121323529,0,0,0,0,0,0.036764706,0
201410271 - Transect 05,McGrail,0,0,0,0,0,0,0.000633714,0,0,0,0,0,0,0.141318124,0.103295311,0,0,0,0.235741445,0,0.027883397,0.015842839,0,0,0,0.002534854,0.136882129,0.000633714,0,0,0,0,0,0,0,0,0,0,0,0,0,0,0,0,0,0,0,0.003802281,0,0,0,0,0,0,0,0.003168568,0,0,0,0,0.24207858,0,0,0,0,0,0.084917617,0.001267427
201410271 - Transect 06,McGrail,0,0,0,0,0,0.002700878,0,0,0,0,0,0,0,0.064145847,0.251181634,0,0,0,0.349763673,0,0.004051317,0.017555706,0,0,0,0.000675219,0.087778528,0,0.002700878,0,0,0,0,0,0.000675219,0,0,0,0,0,0,0,0,0,0,0,0,0.001350439,0,0,0,0,0,0,0,0.003376097,0,0,0,0,0.1458474,0,0,0,0,0,0.068197164,0
201410271 - Transect 07,McGrail,0,0,0,0,0,0.000607903,0,0,0.000607903,0.000607903,0,0,0,0,0.010942249,0,0,0.012158055,0.114285714,0.000607903,0.004863222,0,0,0,0,0.002431611,0.151975684,0,0.000607903,0,0,0,0,0,0,0,0,0,0,0,0,0,0,0,0,0,0,0.000607903,0,0,0,0,0,0,0,0.001215805,0,0,0,0,0.686930091,0,0.009726444,0.000607903,0,0,0.001215805,0
201410271 - Transect 08,McGrail,0,0,0,0,0,0,0,0,0,0.00070373,0,0,0,0,0.049261084,0,0,0.022519353,0.222378607,0.00070373,0.002111189,0,0,0,0,0.00140746,0.12104152,0.00070373,0.00070373,0,0,0,0,0,0,0,0,0,0,0,0,0,0,0,0,0,0,0,0,0,0,0,0,0,0,0.03096411,0,0,0,0,0.54468684,0,0,0,0.00140746,0,0.00070373,0.00070373
201410271 - Transect 09,McGrail,0,0,0,0,0,0.001068376,0,0,0,0,0,0,0,0,0,0,0,0.001068376,0.000534188,0.001602564,0.000534188,0,0,0,0,0,0.016559829,0,0,0,0,0,0,0,0,0,0,0,0,0,0,0,0,0,0,0,0,0,0,0,0,0,0,0,0,0,0,0,0,0,0.977564103,0,0.001068376,0,0,0,0,0
201410271 - Transect 10,McGrail,0,0,0,0,0.001950585,0.007152146,0,0,0,0,0.00130039,0,0,0.029258778,0.288686606,0,0,0,0.583224967,0.000650195,0.026657997,0.004551365,0,0,0,0,0.035760728,0,0.000650195,0,0,0,0,0,0.006501951,0,0,0,0,0,0,0,0,0,0,0,0,0,0,0,0,0,0,0,0,0.009102731,0,0,0,0,0.003250975,0,0,0,0,0,0.00130039,0
201410271 - Transect 11,McGrail,0,0,0,0,0,0,0,0,0,0.011299435,0,0,0,0,0.009887006,0,0,0,0.101694915,0,0.003531073,0,0,0,0,0,0.472457627,0,0,0,0,0,0,0,0,0,0,0,0,0,0,0,0,0,0,0,0,0.002118644,0,0.001412429,0,0,0,0,0,0,0,0,0,0,0.391949153,0,0,0,0,0,0.005649718,0
201410272 - Transect 01,McGrail,0,0,0,0,0.003776435,0.000755287,0,0,0,0.015861027,0,0,0,0.000755287,0.361782477,0,0,0,0.38897281,0,0.005287009,0,0,0,0,0,0.004531722,0,0.003021148,0,0,0,0,0,0.012839879,0,0,0,0,0,0,0,0,0,0,0,0,0.000755287,0,0,0,0,0,0,0,0.012084592,0,0,0,0,0.071752266,0,0,0,0,0,0.117824773,0
201410272 - Transect 02,McGrail,0,0,0,0,0.002285714,0.010285714,0,0,0,0,0,0,0,0.001714286,0.378285714,0,0,0,0.207428571,0,0.034285714,0,0,0,0.001142857,0.001142857,0.008,0,0.001714286,0,0,0,0,0,0.014857143,0,0,0,0,0,0,0,0,0,0,0,0,0.000571429,0,0,0,0,0,0,0,0.008,0,0,0,0,0.036,0,0,0,0,0,0.293142857,0.001142857
201410272 - Transect 03,McGrail,0,0,0,0,0,0,0,0,0,0.002371073,0,0,0,0.001185536,0.413752223,0,0,0,0.148784825,0,0.051570836,0,0,0,0,0.000592768,0.009484292,0,0.005927682,0,0,0,0,0,0.000592768,0,0,0,0,0,0,0,0,0,0,0,0,0.001185536,0,0,0,0,0,0,0,0.042679312,0,0,0,0,0.066390041,0,0,0,0,0,0.253704801,0.001778305
201410272 - Transect 04,McGrail,0,0,0,0,0,0,0,0,0,0,0,0,0,0.019521411,0.228589421,0,0,0,0.113979849,0,0.012594458,0.006926952,0,0,0,0,0.011335013,0,0,0,0,0,0,0,0,0,0.00440806,0,0,0,0,0,0,0,0,0,0,0.001259446,0,0,0,0,0,0,0,0,0.386020151,0,0,0,0.074307305,0.054156171,0,0,0,0,0.086901763,0
201410272 - Transect 05,McGrail,0,0,0,0,0,0,0,0,0,0,0,0,0,0.001953125,0.44140625,0,0,0,0.16796875,0,0.007161458,0.002604167,0,0,0,0,0.034505208,0,0.001953125,0,0,0,0,0,0,0,0,0,0,0,0,0,0,0,0,0,0,0.000651042,0,0,0,0,0,0,0,0.01171875,0.280598958,0,0,0,0.030598958,0.002604167,0,0,0,0,0.016276042,0
201410272 - Transect 06,McGrail,0,0,0,0,0,0,0,0,0,0.012686567,0,0,0,0,0.507462687,0,0,0,0.176119403,0,0.002238806,0,0,0,0,0,0.01641791,0,0,0,0,0,0,0,0.000746269,0,0,0,0,0,0,0,0,0,0,0,0,0.000746269,0,0,0,0,0,0,0,0.001492537,0.171641791,0,0,0,0.108955224,0,0,0,0,0,0.001492537,0
201410272 - Transect 07,McGrail,0,0,0,0,0,0,0,0,0.000710732,0,0,0,0,0,0.255863539,0,0,0,0.673773987,0,0.005685856,0,0,0,0,0,0.012793177,0,0,0,0,0,0,0,0.001421464,0,0,0,0,0,0,0,0,0,0,0,0,0,0,0,0,0,0,0,0,0.017768301,0,0,0,0,0.031982942,0,0,0,0,0,0,0
201410272 - Transect 08,McGrail,0,0,0,0,0.008028546,0,0,0,0,0.071364853,0,0,0,0.035682426,0.223015165,0,0,0,0.421052632,0,0,0.001784121,0,0,0,0.004460303,0.033898305,0,0.001784121,0,0,0,0,0,0,0,0,0,0,0,0,0,0,0,0,0,0,0,0,0,0,0,0,0,0,0.011596789,0,0,0,0,0.13470116,0,0,0,0,0,0.052631579,0
201410272 - Transect 09,McGrail,0,0,0,0,0,0,0.000639795,0,0,0,0,0,0,0.007037748,0.580934101,0,0,0,0.371721049,0.000639795,0.008957134,0,0,0,0,0.000639795,0.011516315,0,0.003838772,0,0,0,0,0,0.001279591,0,0,0,0,0,0,0,0,0,0.000639795,0,0,0.000639795,0,0,0,0,0,0,0,0.005758157,0,0,0,0,0.005118362,0,0,0,0,0,0.000639795,0
201410272 - Transect 10,McGrail,0,0,0,0,0,0,0,0,0,0,0,0,0,0.000614628,0.221266134,0,0,0,0.551936079,0,0.003073141,0,0,0,0,0,0.020897357,0,0,0,0,0,0,0,0,0,0,0,0,0,0,0,0,0,0,0,0,0,0,0,0,0,0,0,0,0.107559926,0,0,0,0,0.079901659,0,0,0,0,0,0.014751076,0
201410281 - Transect 01,McGrail,0,0,0,0,0,0,0,0,0,0,0,0,0,0,0.000652316,0,0,0.006523157,0,0,0.000652316,0,0,0,0,0,0.02283105,0,0,0,0,0,0,0,0,0,0,0,0,0,0,0,0,0,0,0,0,0,0,0,0,0,0,0,0,0,0,0,0,0,0.968688845,0,0,0,0,0,0,0.000652316
201410281 - Transect 02,McGrail,0,0,0,0,0,0.00078064,0,0,0,0,0,0,0,0,0.025761124,0,0,0,0.003903201,0.00156128,0.00156128,0,0,0,0,0,0.037470726,0,0,0,0,0,0,0,0,0,0,0,0,0,0,0,0,0,0,0,0,0,0,0,0,0,0,0,0,0,0,0,0,0,0.921935988,0,0.007025761,0,0,0,0,0
201410281 - Transect 03,McGrail,0,0,0,0,0,0.000727802,0,0,0,0,0,0,0,0,0.060407569,0,0,0,0.028384279,0.001455604,0.004366812,0,0.001455604,0,0,0,0.061863173,0,0.000727802,0,0,0,0,0,0,0,0,0,0,0,0,0,0,0,0,0,0,0,0,0,0,0,0,0,0,0,0,0,0,0,0.83915575,0,0,0,0.001455604,0,0,0
201410281 - Transect 04,McGrail,0,0,0,0,0,0,0,0,0,0.011627907,0,0,0,0,0.065116279,0,0,0.001550388,0.075968992,0.002325581,0.007751938,0,0.002325581,0,0,0.005426357,0.185271318,0,0.001550388,0.000775194,0,0,0,0,0,0,0,0,0,0,0,0,0.004651163,0,0,0,0,0,0,0.002325581,0,0,0,0,0,0,0,0,0,0,0.63255814,0,0,0,0.000775194,0,0,0
201410281 - Transect 05,McGrail,0,0,0,0,0,0,0,0,0,0,0,0,0,0,0.213934426,0,0,0.004098361,0.081147541,0,0.000819672,0,0,0,0.000819672,0.001639344,0.050819672,0,0.003278689,0,0,0,0,0,0,0,0,0,0,0,0,0,0,0,0,0,0,0,0,0.022131148,0,0,0,0,0,0,0,0,0,0,0.609836066,0,0.002459016,0,0,0,0.009016393,0
201410281 - Transect 06,McGrail,0,0,0,0,0,0,0,0,0,0,0,0,0,0,0,0,0,0.000899281,0,0.009892086,0.004496403,0,0.003597122,0,0,0,0.150179856,0,0,0,0,0,0,0,0,0,0,0,0,0,0,0,0.005395683,0,0,0,0,0,0,0.003597122,0,0,0,0,0,0,0,0,0,0,0.821942446,0,0,0,0,0,0,0
201410281 - Transect 07,McGrail,0,0,0,0,0,0.014615385,0.001538462,0.003846154,0,0,0,0.003076923,0,0,0,0,0,0.019230769,0,0.005384615,0.009230769,0,0,0,0,0,0.22,0,0,0,0,0,0,0,0,0,0,0,0,0,0.013846154,0,0.001538462,0,0,0,0,0,0,0.006923077,0,0,0,0,0,0,0,0,0,0,0.697692308,0,0,0.002307692,0.000769231,0,0,0
201410281 - Transect 08,McGrail,0,0,0,0,0,0.002002002,0.002002002,0,0,0,0,0,0,0,0,0,0,0.001001001,0,0,0,0,0,0,0,0,0.001001001,0,0,0,0,0,0,0,0,0,0,0,0,0,0,0,0,0,0,0,0,0,0,0,0,0,0,0,0,0,0,0,0,0,0.992992993,0,0.001001001,0,0,0,0,0
201410282 - Transect 01,McGrail,0,0,0,0,0,0,0.000676133,0,0,0,0,0,0,0.115618661,0.2224476,0,0,0,0.290736984,0,0.043948614,0.048005409,0,0,0,0.001352265,0.033130494,0.000676133,0.000676133,0,0,0,0,0,0,0,0,0,0,0,0,0,0,0,0,0,0,0.00540906,0,0,0,0,0,0,0,0.004732928,0,0,0,0,0.176470588,0,0,0.000676133,0,0.000676133,0.054766734,0
201410282 - Transect 02,McGrail,0,0,0,0,0.000715308,0,0,0,0,0,0,0,0,0.097997139,0.243919886,0,0,0,0.268955651,0,0.037195994,0.004291845,0,0,0,0.002145923,0.040057225,0,0,0,0,0,0,0,0,0,0,0,0,0,0,0,0,0,0,0,0,0.001430615,0,0,0,0,0,0,0,0.002145923,0,0,0,0,0.125178827,0,0,0,0,0,0.175965665,0
201507071 - Transect 01,McGrail,0,0,0,0,0.001510574,0,0,0,0,0,0,0,0,0,0.216012085,0,0,0.001510574,0.719033233,0,0.006042296,0,0,0,0.001510574,0,0.00755287,0,0.000755287,0,0,0,0,0,0.019637462,0,0,0,0,0,0,0,0,0,0.005287009,0,0,0,0,0,0,0,0,0,0,0.000755287,0,0,0,0,0.016616314,0,0.000755287,0,0,0,0.001510574,0.001510574
201507071 - Transect 02,McGrail,0,0,0,0,0,0,0,0,0,0,0,0,0,0,0.23649635,0,0,0,0.210218978,0,0.029927007,0,0,0,0,0,0.147445255,0,0.003649635,0,0,0,0,0,0.003649635,0,0,0,0,0,0,0,0,0,0,0,0,0.000729927,0,0,0,0,0,0,0,0.01459854,0,0,0,0,0.031386861,0,0,0,0,0,0.32189781,0
201507071 - Transect 03,McGrail,0,0,0,0,0.000642261,0.003853565,0,0,0.001284522,0,0,0,0,0,0.323057161,0.000642261,0,0,0.145793192,0.000642261,0.009633911,0.105330764,0,0,0,0.007707129,0.048169557,0,0.000642261,0,0,0,0,0,0.003211304,0,0,0,0,0,0,0,0,0,0,0,0,0,0,0,0,0,0,0,0,0.078355812,0,0,0,0,0.047527296,0,0,0,0,0,0.222864483,0.000642261
201507072 - Transect 01,McGrail,0,0,0,0,0,0,0,0.000815661,0,0.000815661,0,0.004893964,0,0,0.000815661,0,0,0,0.006525285,0,0.009787928,0,0.001631321,0,0,0,0.123164763,0,0,0,0,0,0,0,0,0,0,0,0,0,0,0,0.002446982,0,0,0,0,0.000815661,0,0.014681892,0,0,0,0,0,0,0,0,0,0,0.753670473,0,0,0,0.000815661,0,0.079119086,0
201507072 - Transect 02,McGrail,0,0,0,0,0,0,0,0,0,0.007060334,0,0,0,0,0.561617458,0,0,0.000641849,0.181643132,0.000641849,0.001283697,0,0,0,0,0.002567394,0.019255456,0,0.014120668,0,0,0,0,0,0,0,0,0,0,0,0,0,0,0,0,0,0,0,0,0,0,0,0,0,0,0,0,0,0,0,0.193196406,0,0,0,0,0,0.01732991,0.000641849
201507072 - Transect 03,McGrail,0,0,0,0,0,0,0,0,0,0.001858736,0,0,0,0,0.212515489,0,0,0,0.760223048,0.000619579,0.004337051,0,0,0,0,0,0.003097893,0,0.001858736,0,0,0,0,0,0.001239157,0,0,0,0,0,0,0,0,0,0,0,0,0,0,0,0,0,0,0,0,0,0,0,0,0,0.013011152,0,0.001239157,0,0,0,0,0
201507072 - Transect 04,McGrail,0,0,0,0,0,0,0,0,0,0,0,0,0,0,0.215659341,0,0,0,0.638049451,0,0.012362637,0,0,0,0.006868132,0.005494505,0.008928571,0,0.000686813,0,0,0,0,0,0.000686813,0,0,0,0,0,0,0,0,0,0,0,0,0,0,0,0,0,0,0,0,0.002747253,0,0,0,0,0.009615385,0,0,0,0,0,0.098901099,0
201507072 - Transect 05,McGrail,0,0,0,0,0,0,0,0,0,0.003908795,0,0,0,0,0.018892508,0,0,0,0.106188925,0,0.003257329,0,0,0,0,0.001302932,0.177850163,0,0,0,0,0,0,0,0,0,0,0,0,0,0,0,0,0,0,0,0,0,0,0,0,0,0,0,0,0.000651466,0,0,0,0,0.602605863,0,0,0,0,0,0.08534202,0
201507073 - Transect 01,McGrail,0,0,0,0,0.002304147,0,0,0,0,0,0,0,0,0,0.042242704,0,0,0,0.124423963,0,0.013056836,0,0,0,0,0.005376344,0.241935484,0,0.002304147,0,0,0,0,0,0,0,0,0,0,0,0,0,0,0,0,0,0,0.000768049,0,0.006144393,0,0,0,0,0,0.000768049,0,0,0,0,0.383256528,0,0,0,0.001536098,0,0.175883257,0
201507074 - Transect 01,McGrail,0,0,0,0,0,0,0.000609756,0,0,0,0,0.000609756,0,0,0.032317073,0,0,0.005487805,0.090853659,0.000609756,0.013414634,0,0,0,0,0,0.22804878,0,0.000609756,0,0,0,0,0,0,0,0,0,0,0,0.001219512,0,0.003658537,0.001219512,0,0,0,0.000609756,0,0.007926829,0,0,0,0,0,0,0,0,0,0,0.438414634,0,0.001829268,0.002439024,0.001829268,0,0.168292683,0
WBAL01-201005202,West FGB,0,0,0,0,0,0,0,0,0,0,0,0,0,0,0.298561151,0,0,0,0,0,0.032374101,0,0,0,0,0,0.125899281,0,0,0,0,0,0,0,0,0,0,0,0,0,0,0,0,0,0,0,0,0,0.007194245,0,0,0,0,0,0,0.507194245,0,0,0,0,0.028776978,0,0,0,0,0,0,0
WBAL02-201005202,West FGB,0,0,0,0,0,0,0,0,0,0,0,0,0,0,0.068047337,0,0,0,0,0,0,0,0,0,0,0,0.307692308,0,0,0,0,0,0,0,0,0,0,0,0,0,0,0,0,0,0,0,0,0,0,0,0,0,0,0,0,0.467455621,0,0,0,0,0.156804734,0,0,0,0,0,0,0
WBAL03-201005202,West FGB,0,0,0,0,0,0,0,0,0,0,0,0,0,0,0.236526946,0,0,0,0,0,0.032934132,0,0,0.002994012,0,0,0.092814371,0,0,0,0,0,0,0,0,0,0,0,0,0,0,0,0,0,0,0,0,0,0,0,0,0,0,0,0,0.491017964,0,0,0,0,0.143712575,0,0,0,0,0,0,0
WBAL04-201005202,West FGB,0,0,0,0,0,0,0,0,0,0,0,0,0,0,0.118055556,0,0,0,0,0,0.010416667,0,0,0,0,0,0.097222222,0,0,0,0,0,0,0,0,0,0,0,0,0,0,0,0,0,0,0,0,0,0,0,0,0,0,0,0,0.71875,0,0,0,0,0.055555556,0,0,0,0,0,0,0
WBAL08-201005203,West FGB,0,0,0,0,0,0,0,0,0,0,0,0,0,0,0.078817734,0,0,0,0,0,0.128078818,0,0,0,0,0,0.246305419,0,0,0,0,0,0,0,0,0,0,0,0,0,0,0,0,0,0,0,0,0,0,0,0,0,0,0,0,0.45320197,0,0,0,0,0.093596059,0,0,0,0,0,0,0
WBAL09-201005203,West FGB,0,0,0,0,0,0,0,0,0,0,0,0,0,0,0.054545455,0,0,0,0,0,0.031818182,0,0,0,0,0,0.354545455,0,0,0,0,0,0,0,0,0,0,0,0,0,0,0,0,0,0,0,0,0,0.027272727,0,0,0,0,0,0,0.481818182,0,0,0,0,0.05,0,0,0,0,0,0,0
WBAL11-201005203,West FGB,0,0,0,0,0,0,0,0,0,0,0,0,0,0,0.185714286,0,0,0,0,0,0.021428571,0,0,0,0,0,0.185714286,0,0,0,0,0,0,0,0,0,0,0,0,0,0,0,0,0,0,0,0,0,0,0,0,0,0,0,0,0.492857143,0,0,0,0,0.114285714,0,0,0,0,0,0,0
WBAL13-201005203,West FGB,0,0,0,0,0,0,0,0,0,0,0,0,0,0,0.051801802,0,0,0,0,0,0.040540541,0,0,0,0,0,0.177927928,0,0,0,0,0,0,0.002252252,0,0,0,0,0,0,0,0,0,0,0,0,0,0.004504505,0,0,0,0,0,0,0,0.689189189,0,0,0,0,0.033783784,0,0,0,0,0,0,0
WBAL14-201005203,West FGB,0,0,0,0,0,0,0,0,0,0,0,0,0,0,0.136627907,0,0,0,0,0,0.005813953,0,0,0,0,0,0.255813953,0,0,0,0,0,0,0,0,0,0,0,0,0,0,0,0,0,0,0,0,0,0,0,0,0,0,0,0,0.540697674,0,0,0,0,0.061046512,0,0,0,0,0,0,0
WBAL15-201005191,West FGB,0,0,0,0,0,0,0,0,0,0,0,0,0,0,0.002087683,0,0,0,0,0,0.037578288,0,0,0.012526096,0,0,0.010438413,0,0,0,0,0,0,0,0,0,0,0,0,0,0,0,0,0,0,0,0,0,0.004175365,0,0,0,0,0,0,0.096033403,0,0,0,0,0.837160752,0,0,0,0,0,0,0
WBAN02-201105174,West FGB,0,0,0,0,0,0,0,0,0,0,0,0,0,0,0.005660377,0,0,0,0,0,0.009433962,0,0,0,0,0,0.137735849,0,0,0,0,0,0,0,0,0,0,0,0,0,0,0,0,0,0,0,0,0,0,0,0,0,0,0,0,0.08490566,0,0,0,0,0.758490566,0,0.003773585,0,0,0,0,0
WBAN04-201105174,West FGB,0,0,0,0,0,0,0,0,0,0,0,0,0,0,0.029484029,0,0,0.007371007,0,0,0.012285012,0,0,0,0,0,0.506142506,0,0,0,0,0,0,0,0,0,0,0,0,0,0,0,0,0,0,0,0,0,0.007371007,0,0,0,0,0,0,0.405405405,0,0,0,0,0.031941032,0,0,0,0,0,0,0
WBAN05-201105174,West FGB,0,0,0,0,0,0,0,0,0,0,0,0,0,0,0.019366197,0,0,0,0,0,0.003521127,0,0,0,0,0,0.345070423,0,0,0,0,0,0,0,0,0,0,0,0,0,0,0,0,0,0,0,0,0,0.00528169,0,0,0,0,0,0,0.547535211,0,0,0,0,0.079225352,0,0,0,0,0,0,0
WBAN07-201105174,West FGB,0,0,0,0,0,0,0,0,0,0,0,0,0,0,0,0,0,0,0,0,0.002004008,0,0,0,0,0,0.024048096,0,0,0,0,0,0,0,0,0,0,0,0,0,0,0,0,0,0,0,0,0,0,0,0,0,0,0,0,0,0,0,0,0,0.973947896,0,0,0,0,0,0,0
WBAN08-201105174,West FGB,0,0,0,0,0,0,0,0.013043478,0,0,0,0,0,0,0.030434783,0,0,0,0,0,0.004347826,0,0,0.002173913,0,0,0.247826087,0,0,0,0,0,0,0,0,0,0,0,0,0,0,0,0,0,0,0,0,0,0.017391304,0,0,0,0,0,0,0.660869565,0,0,0,0,0.023913043,0,0,0,0,0,0,0
WBAN08-201207314,West FGB,0,0,0,0,0,0,0,0,0,0,0,0,0,0,0.001666667,0,0,0,0,0,0.001666667,0,0,0,0,0,0.008333333,0,0,0,0,0,0,0,0,0,0,0,0,0,0,0,0,0,0,0,0,0,0.021666667,0,0,0,0,0,0,0.018333333,0,0,0,0,0.938333333,0,0.01,0,0,0,0,0
WBAN10-201207315,West FGB,0,0,0,0,0,0,0.006896552,0,0,0.006896552,0,0,0,0,0.004597701,0,0,0,0,0,0.002298851,0,0,0.004597701,0,0,0.006896552,0,0,0,0,0,0,0,0,0,0,0,0,0,0,0,0,0,0,0,0,0,0,0.002298851,0,0,0,0,0,0.374712644,0,0,0,0,0.590804598,0,0,0,0,0,0,0
WBAN11-201207315,West FGB,0,0,0,0,0,0,0,0,0,0.010362694,0,0,0,0,0.003454231,0,0,0,0,0,0.013816926,0,0,0,0,0,0.046632124,0,0,0,0,0,0,0,0,0,0,0,0,0,0,0,0,0,0,0,0,0,0.001727116,0,0,0,0.001727116,0,0,0.139896373,0,0,0,0,0.78238342,0,0,0,0,0,0,0
WBAN12-201207315,West FGB,0,0,0,0,0,0,0.029038113,0,0,0.021778584,0,0,0,0,0.003629764,0,0,0,0,0,0.007259528,0,0,0,0,0,0.352087114,0,0.003629764,0,0,0,0,0,0,0,0,0,0,0,0,0,0,0,0,0,0,0,0.032667877,0,0,0,0,0,0,0.112522686,0,0,0,0,0.43738657,0,0,0,0,0,0,0
WBC01-201005203,West FGB,0,0,0,0,0,0,0,0,0,0,0,0,0,0,0.108108108,0,0,0,0,0,0.012012012,0,0,0,0,0,0.228228228,0,0,0,0,0,0,0,0,0,0,0,0,0,0,0,0,0,0,0,0,0,0.021021021,0,0,0,0,0,0,0.510510511,0,0,0,0,0.12012012,0,0,0,0,0,0,0
WBC02-201005211,West FGB,0,0,0,0,0,0,0,0,0,0,0,0,0,0,0.128755365,0,0,0,0,0,0.002145923,0,0,0,0,0,0.083690987,0,0,0,0,0,0,0.051502146,0,0,0,0,0.075107296,0,0,0,0,0,0,0.06223176,0.057939914,0.002145923,0.141630901,0,0.055793991,0,0,0,0.015021459,0.096566524,0,0,0,0,0.210300429,0.017167382,0,0,0,0,0,0
WBC03-201005211,West FGB,0,0,0,0,0,0,0,0,0,0,0,0,0,0,0.052545156,0,0.009852217,0,0,0,0.018062397,0,0,0,0,0,0.091954023,0,0,0,0,0,0.001642036,0,0,0,0.003284072,0,0.009852217,0,0,0,0,0,0,0.139573071,0.288998358,0,0.149425287,0,0.049261084,0,0,0,0.118226601,0.060755337,0,0,0,0,0,0.006568144,0,0,0,0,0,0
WBC04-201005211,West FGB,0,0,0,0,0,0,0,0,0,0,0,0,0,0,0.044025157,0,0.064465409,0,0,0,0.001572327,0,0,0,0,0,0.048742138,0,0,0,0,0,0,0.006289308,0,0,0,0,0.045597484,0.004716981,0,0,0,0,0,0.070754717,0.246855346,0,0.210691824,0,0.022012579,0,0,0,0.097484277,0.073899371,0,0,0,0,0.007861635,0.055031447,0,0,0,0,0,0
WBC05-201005211,West FGB,0,0,0,0,0,0,0,0,0,0,0,0,0,0,0.041338583,0,0,0,0,0,0.003937008,0,0,0,0,0,0.047244094,0,0,0,0,0,0,0,0,0,0.023622047,0,0.070866142,0.001968504,0,0,0,0,0,0.118110236,0,0,0.368110236,0,0.053149606,0,0,0,0.029527559,0.108267717,0,0,0,0.086614173,0.00984252,0.037401575,0,0,0,0,0,0
WBC06-201005211,West FGB,0.001464129,0,0,0,0,0,0,0,0,0,0,0,0,0,0.02489019,0,0.032210835,0,0,0,0.001464129,0,0,0,0,0,0.03806735,0,0,0,0,0,0,0,0,0,0.001464129,0,0.083455344,0,0,0,0,0,0,0.171303075,0.465592972,0,0.120058565,0,0.002928258,0,0,0,0.014641288,0.03806735,0,0,0,0,0.004392387,0,0,0,0,0,0,0
WBCA01-201005202,West FGB,0,0,0,0,0,0,0,0,0,0,0,0,0,0,0.011695906,0,0,0,0,0,0.007797271,0,0,0,0,0,0,0,0,0,0,0,0,0,0,0,0,0,0,0,0,0,0,0.001949318,0,0,0,0,0,0,0,0,0,0,0,0.01754386,0,0,0,0,0.961013645,0,0,0,0,0,0,0
WBCA02-201005202,West FGB,0,0,0,0,0,0,0,0,0,0,0,0,0,0,0,0,0,0,0,0,0,0,0,0,0,0,0,0,0,0,0,0,0,0,0,0,0,0,0,0,0,0,0,0,0,0,0,0,0,0,0,0,0,0,0,0.006802721,0,0,0,0,0.993197279,0,0,0,0,0,0,0
WBCA03-201105174,West FGB,0,0,0,0,0,0,0,0,0,0,0,0,0,0,0.012244898,0,0,0,0,0,0.016326531,0,0,0,0,0,0.073469388,0,0,0,0,0,0,0,0,0,0,0,0,0,0,0,0,0,0,0,0,0.008163265,0,0,0,0,0,0,0,0.097959184,0,0,0,0,0.791836735,0,0,0,0,0,0,0
WBCA04-201005201,West FGB,0,0,0,0,0,0,0,0,0,0,0,0,0,0,0,0,0,0,0,0,0,0,0,0,0,0,0,0,0,0,0,0,0,0,0,0,0,0,0,0,0,0,0,0,0,0,0,0,0,0,0,0,0,0,0,0,0,0,0,0,1,0,0,0,0,0,0,0
WBCA06-201005201,West FGB,0,0,0,0,0,0,0,0,0,0,0,0,0,0,0,0,0,0,0,0,0,0,0,0,0,0,0,0,0,0,0,0,0,0,0,0,0,0,0,0,0,0,0,0,0,0,0,0,0,0,0,0,0,0,0,0.015,0,0,0,0,0.985,0,0,0,0,0,0,0
WBCA07-201005201,West FGB,0,0,0,0,0,0,0,0,0,0,0,0,0,0,0.006896552,0,0,0,0,0,0,0,0,0,0,0,0,0,0,0,0,0,0,0,0,0,0,0,0,0,0,0,0,0,0,0,0,0,0,0,0,0,0,0,0,0.064367816,0,0,0,0,0.928735632,0,0,0,0,0,0,0
WBCA08-201005201,West FGB,0,0,0,0,0,0,0,0,0,0,0,0,0,0,0.006079027,0,0,0,0,0,0.006079027,0,0,0,0,0,0.006079027,0,0,0,0,0,0,0,0,0,0,0,0,0,0.003039514,0,0,0,0,0,0,0.003039514,0,0,0,0,0,0,0,0.051671733,0,0,0,0,0.924012158,0,0,0,0,0,0,0
WBCA09-201005201,West FGB,0,0,0,0,0,0,0.002680965,0,0,0,0,0,0,0,0.00536193,0,0,0,0,0,0,0,0,0,0,0,0,0,0,0,0,0,0,0,0,0,0,0,0,0,0,0,0,0,0,0,0,0,0,0,0,0,0,0,0,0.096514745,0,0,0,0,0.895442359,0,0,0,0,0,0,0
WBCA10-201005201,West FGB,0,0,0,0,0,0,0,0,0,0,0,0,0,0,0.007272727,0,0,0,0,0,0.010909091,0,0,0,0,0,0,0,0,0,0,0,0,0,0,0,0,0,0,0,0,0,0,0,0,0,0,0,0.003636364,0,0,0,0,0,0,0.090909091,0,0,0,0,0.887272727,0,0,0,0,0,0,0
WBCA11-201005201,West FGB,0,0,0,0,0,0,0,0,0,0,0,0,0,0,0.001329787,0,0,0,0,0,0.001329787,0,0,0,0,0,0,0,0,0,0,0,0,0.003989362,0,0,0,0,0,0,0,0,0,0,0,0,0,0,0.001329787,0,0,0,0,0,0,0.070478723,0,0,0,0,0.921542553,0,0,0,0,0,0,0
WBCA12-201005201,West FGB,0,0,0,0,0,0,0,0,0,0,0,0,0,0,0.00317965,0,0,0,0,0,0.001589825,0,0,0,0,0,0,0,0,0,0,0,0,0,0,0,0,0,0,0,0,0,0,0,0,0,0,0,0,0,0,0,0,0,0,0.13036566,0,0,0,0,0.864864865,0,0,0,0,0,0,0
WBCA13-201005201,West FGB,0,0.001408451,0,0,0,0,0,0.002816901,0,0,0,0,0,0,0.005633803,0,0,0,0,0,0,0,0,0,0,0,0.001408451,0,0,0,0,0,0,0,0,0,0.001408451,0,0,0,0,0,0,0,0,0,0,0,0.007042254,0,0,0,0,0,0,0.150704225,0,0,0,0,0.829577465,0,0,0,0,0,0,0
WBCA14-201005201,West FGB,0,0,0,0,0,0,0,0,0,0,0,0,0,0,0.005943536,0,0,0,0,0,0.001485884,0,0,0,0,0,0,0,0,0,0,0,0,0,0,0,0,0,0,0,0,0,0,0,0,0,0,0,0,0,0,0,0,0,0,0.105497771,0,0,0,0,0.887072808,0,0,0,0,0,0,0
WBCA38-201208011,West FGB,0,0,0,0,0,0,0.002659574,0,0,0,0,0,0,0,0,0,0,0,0,0,0.013297872,0,0,0,0,0,0.002659574,0,0,0,0,0,0,0,0,0,0,0,0,0,0,0,0,0,0,0,0,0,0,0,0,0,0,0,0,0.013297872,0,0,0,0,0.968085106,0,0,0,0,0,0,0
WBCA39-201208011,West FGB,0,0,0,0,0,0,0,0,0,0,0,0,0,0,0,0,0,0,0,0,0,0,0,0,0,0,0,0,0,0,0,0,0,0,0,0,0,0,0,0,0,0,0,0,0,0,0,0.003717472,0,0,0,0,0,0,0,0,0,0,0,0,0.996282528,0,0,0,0,0,0,0
WBCA40-201105181,West FGB,0,0,0,0,0,0,0,0,0,0,0,0,0,0,0.002309469,0,0,0,0,0,0.006928406,0,0,0,0,0,0.092378753,0,0,0,0,0,0,0,0,0,0,0,0,0,0,0,0,0,0,0,0,0,0,0,0,0,0,0,0,0.025404157,0,0,0,0,0.872979215,0,0,0,0,0,0,0
WBCA41-201105181,West FGB,0,0,0,0,0,0,0,0,0,0.00886918,0,0,0,0,0.002217295,0,0,0,0,0,0.00443459,0,0,0,0,0,0.2172949,0,0,0,0,0,0,0,0,0,0,0,0,0,0,0,0,0,0,0,0,0,0,0,0,0,0,0,0,0.166297118,0,0,0,0,0.600886918,0,0,0,0,0,0,0
WBCA42-201105181,West FGB,0,0,0,0,0,0,0,0,0,0.008605852,0,0,0,0,0.013769363,0,0,0,0,0,0.006884682,0,0,0,0,0,0.12908778,0,0,0,0,0,0,0,0,0,0,0,0,0,0,0,0,0,0,0,0,0,0.00172117,0,0,0,0,0,0,0.21686747,0,0,0,0,0.623063683,0,0,0,0,0,0,0
WBCA46-201105181,West FGB,0,0,0,0,0,0,0,0,0,0,0,0,0,0,0.00814664,0,0,0,0,0,0.00814664,0,0,0,0,0,0.105906314,0,0,0,0,0,0,0,0,0,0,0,0,0,0,0,0,0,0,0,0,0,0.00407332,0,0,0,0,0,0,0.116089613,0,0,0,0,0.757637475,0,0,0,0,0,0,0
WBCA46-201207318,West FGB,0,0,0,0,0,0,0.002105263,0,0,0.008421053,0,0,0,0,0.004210526,0,0,0,0,0,0.002105263,0,0,0,0,0,0.016842105,0,0,0,0,0,0,0,0,0,0,0,0,0,0,0,0,0,0,0,0,0,0.002105263,0,0,0,0,0,0,0.124210526,0,0,0,0,0.84,0,0,0,0,0,0,0
WBCA47-201207318,West FGB,0,0,0,0,0,0,0,0,0,0.020833333,0,0,0,0,0,0,0,0,0,0,0.004166667,0,0,0,0,0,0.066666667,0,0,0,0,0,0,0,0,0,0,0,0,0,0,0,0,0,0,0,0,0,0,0,0,0,0,0,0,0.375,0,0,0,0,0.533333333,0,0,0,0,0,0,0
WBCA48-201207318,West FGB,0,0,0,0,0,0,0,0,0,0,0,0,0,0,0.015463918,0,0,0,0,0,0,0,0,0,0,0,0.012886598,0,0,0,0,0,0,0,0,0,0,0,0,0,0,0,0,0,0,0,0,0.00257732,0.038659794,0,0,0,0,0,0,0.146907216,0,0,0,0,0.783505155,0,0,0,0,0,0,0
WBCA49-201208012,West FGB,0,0,0,0,0,0,0,0,0,0.020793951,0,0,0,0,0.003780718,0,0,0,0,0,0.017013233,0,0,0,0,0,0.015122873,0,0,0,0,0,0,0,0,0,0,0,0,0,0,0,0,0,0,0,0,0,0,0,0,0,0,0,0,0.189035917,0,0,0,0,0.754253308,0,0,0,0,0,0,0
WBCA50-201208013,West FGB,0,0,0,0.003853565,0,0,0,0,0,0.003853565,0,0,0,0,0,0,0,0,0,0,0.003853565,0,0,0,0,0,0.013487476,0,0,0,0,0,0,0,0,0,0,0,0,0,0,0,0,0,0,0,0,0,0.038535645,0,0,0,0,0,0,0.235067437,0,0,0,0,0.701348748,0,0,0,0,0,0,0
WBCA51-201208014,West FGB,0,0,0,0,0,0,0,0,0,0.004366812,0,0,0,0,0.008733624,0,0,0,0,0,0.015283843,0,0,0,0,0,0.006550218,0,0,0,0,0,0,0,0,0,0,0,0,0,0,0,0,0,0,0,0,0,0,0,0,0,0,0,0,0.279475983,0,0,0,0,0.68558952,0,0,0,0,0,0,0
WBCA52-201207317,West FGB,0,0,0,0,0,0,0,0,0,0.006666667,0,0,0,0,0.026666667,0,0,0,0,0,0,0,0,0,0,0,0,0,0,0,0,0,0,0,0,0,0,0,0,0,0,0,0,0,0,0,0,0,0.03,0,0,0,0,0,0,0.026666667,0,0,0,0,0.91,0,0,0,0,0,0,0
WBCA53-201207317,West FGB,0,0,0,0,0,0,0,0,0,0,0,0,0,0,0,0,0,0,0,0,0,0,0,0,0,0,0,0,0,0,0,0,0,0,0,0,0,0,0,0,0,0,0,0,0,0,0,0,0,0,0,0,0,0,0,0.040506329,0,0,0,0,0.959493671,0,0,0,0,0,0,0
WBCA54-201207317,West FGB,0,0,0,0,0,0,0,0,0,0.066361556,0,0,0,0,0,0,0,0,0,0,0.009153318,0,0,0,0,0,0.004576659,0,0,0,0,0,0,0,0,0,0,0,0,0,0,0,0,0,0,0,0,0,0,0,0,0,0,0,0,0.162471396,0,0,0,0,0.757437071,0,0,0,0,0,0,0
WBCA56-201207316,West FGB,0,0,0,0,0,0,0,0,0,0.003003003,0,0,0,0,0.003003003,0,0,0,0,0,0.003003003,0,0,0,0,0,0.042042042,0,0,0,0,0,0,0,0,0,0,0,0,0,0,0,0,0,0,0,0,0,0.003003003,0,0,0,0,0,0,0.297297297,0,0,0,0,0.648648649,0,0,0,0,0,0,0
WBCA57-201207316,West FGB,0,0,0,0,0,0,0,0,0,0,0,0,0,0,0,0,0,0,0,0,0.00462963,0,0,0,0,0,0,0,0,0,0,0,0,0,0,0,0,0,0,0,0,0,0,0,0,0,0,0,0,0,0,0,0,0,0,0.055555556,0,0,0,0,0.939814815,0,0,0,0,0,0,0
WBCA58-201207316,West FGB,0,0,0,0,0,0,0,0,0,0.014409222,0,0,0,0,0.014409222,0,0,0,0,0,0.008645533,0,0,0,0,0,0.008645533,0,0,0,0,0,0,0,0,0,0,0,0,0,0,0,0,0,0,0,0,0,0.008645533,0,0,0,0,0,0,0.21037464,0,0,0,0,0.734870317,0,0,0,0,0,0,0
WBCA59-201207316,West FGB,0,0,0,0,0,0,0,0,0,0.007619048,0,0,0,0,0.003809524,0,0,0.001904762,0,0,0.003809524,0,0,0,0,0,0.036190476,0,0,0,0,0,0,0,0,0,0,0,0,0,0,0,0,0,0,0,0,0,0.020952381,0,0,0,0,0,0,0.16,0,0,0,0,0.765714286,0,0,0,0,0,0,0
WBDC01-201005194,West FGB,0,0,0,0,0,0,0.005535055,0.011070111,0,0,0,0,0,0,0.027675277,0,0,0,0,0,0,0,0,0,0,0,0,0,0,0,0,0,0,0,0,0,0,0,0,0,0.003690037,0,0,0,0,0,0,0,0,0.001845018,0,0,0,0,0,0.016605166,0,0,0,0,0.933579336,0,0,0,0,0,0,0
WBDC01-201105174,West FGB,0,0,0,0,0,0,0.003636364,0.001818182,0,0,0,0,0,0,0,0,0,0,0,0,0.003636364,0,0,0,0,0,0.001818182,0,0,0,0,0,0,0,0,0,0,0,0,0,0,0,0,0,0,0,0,0,0,0,0,0,0,0,0,0,0,0,0,0,0.989090909,0,0,0,0,0,0,0
WBDC04-201005196,West FGB,0,0,0,0,0,0,0,0,0,0,0,0,0,0,0.012690355,0,0,0,0,0,0,0,0,0,0,0,0.007614213,0,0,0,0,0,0,0,0,0,0,0,0,0,0,0,0,0,0,0,0,0,0,0,0,0,0,0,0,0.005076142,0,0,0,0,0.974619289,0,0,0,0,0,0,0
WBDC07-201005197,West FGB,0,0,0,0,0,0,0,0.012019231,0,0,0,0,0,0,0,0,0,0,0,0,0,0,0,0,0,0,0,0,0,0,0,0,0,0,0,0.002403846,0,0,0,0,0,0,0,0,0,0,0,0.002403846,0,0,0,0,0,0,0,0,0,0,0,0,0.983173077,0,0,0,0,0,0,0
WBDC08-201005193,West FGB,0,0,0,0,0,0,0,0,0,0,0,0,0,0,0.001440922,0,0,0,0,0,0.002881844,0,0,0,0,0,0,0,0,0,0,0,0,0,0,0,0,0,0,0,0,0,0,0,0,0,0,0,0,0.002881844,0,0,0,0,0,0,0,0,0,0,0.991354467,0,0.001440922,0,0,0,0,0
WBDC10-201005198,West FGB,0,0,0,0,0,0,0,0.003125,0,0,0,0,0,0,0,0,0,0.0078125,0,0,0,0,0,0,0,0,0,0,0,0,0,0,0,0,0,0,0,0,0,0,0,0,0,0,0,0,0,0,0,0,0,0,0,0,0,0,0,0,0,0,0.9890625,0,0,0,0,0,0,0
WBDC11-201005191,West FGB,0,0,0,0,0,0,0,0,0,0,0,0,0,0,0,0,0,0,0,0,0.002932551,0,0,0,0,0,0,0,0,0,0,0,0,0,0,0,0,0,0,0,0,0,0,0,0,0,0,0,0,0,0,0,0,0,0,0,0,0,0,0,0.997067449,0,0,0,0,0,0,0
WBDC12-201005191,West FGB,0,0,0,0,0,0,0,0,0,0,0,0,0,0,0,0,0,0,0,0,0,0,0,0,0,0,0,0,0,0,0,0,0,0,0,0,0,0,0,0,0,0,0,0,0,0,0,0,0,0,0,0,0,0,0,0.005128205,0,0,0,0,0.994871795,0,0,0,0,0,0,0
WBDC12-201105175,West FGB,0,0,0,0,0,0,0,0,0,0,0,0,0,0,0.036217304,0,0,0,0,0,0.022132797,0,0,0.002012072,0,0,0.150905433,0,0,0,0,0,0,0,0,0,0,0,0,0,0,0,0,0,0,0,0,0,0,0,0,0,0,0,0,0.088531187,0,0,0,0,0.700201207,0,0,0,0,0,0,0
WBDC13-201005199,West FGB,0,0,0,0,0,0,0.001342282,0,0,0,0,0,0,0,0,0,0,0,0,0,0,0,0,0,0,0,0,0,0,0,0,0,0,0,0,0.001342282,0,0,0,0,0,0,0,0,0,0,0,0,0,0.001342282,0,0,0,0,0,0,0,0,0,0,0.995973154,0,0,0,0,0,0,0
WBDC14-201005192,West FGB,0,0,0,0,0,0,0,0,0,0,0,0,0,0,0,0,0,0,0,0,0,0,0,0,0,0,0,0,0,0,0,0,0,0,0,0,0,0,0,0,0,0,0,0,0,0,0,0,0,0.005714286,0,0,0,0,0,0,0,0,0,0,0.994285714,0,0,0,0,0,0,0
WBDC15-201005192,West FGB,0,0,0,0,0,0,0,0.013921114,0,0,0,0,0,0,0,0,0,0,0,0,0,0,0,0,0,0,0,0,0,0,0,0,0,0,0,0,0,0,0,0,0.009280742,0,0,0,0,0,0,0,0,0.002320186,0,0,0,0,0,0,0,0,0,0,0.972157773,0,0.002320186,0,0,0,0,0
WBDC23-201105175,West FGB,0,0,0,0,0,0,0,0,0,0,0,0,0,0,0,0,0,0,0,0,0,0,0,0,0,0,0,0,0,0,0,0,0,0,0,0,0,0,0,0,0,0,0,0,0,0,0,0,0,0,0,0,0,0,0,0,0,0,0,0,0.995555556,0,0.004444444,0,0,0,0,0
WBDC24-201105175,West FGB,0,0,0,0,0,0,0,0,0,0,0,0,0,0,0.003220612,0,0,0,0,0,0.009661836,0,0,0.001610306,0,0,0.051529791,0,0,0,0,0,0,0,0,0,0,0,0,0,0,0,0,0,0,0,0,0,0,0.00805153,0,0,0,0,0,0.045088567,0,0,0,0,0.879227053,0,0.001610306,0,0,0,0,0
WBDC25-201105175,West FGB,0,0,0,0,0,0,0,0,0,0,0,0,0,0,0,0,0,0,0,0,0,0,0,0,0,0,0,0,0,0,0,0,0,0,0,0,0,0,0,0,0,0,0,0,0,0,0,0,0,0,0,0,0,0,0,0,0,0,0,0,0.995,0,0.005,0,0,0,0,0
WBDC37-201105182,West FGB,0,0,0,0,0,0,0,0.002040816,0,0,0,0,0,0,0,0,0,0,0,0,0.002040816,0,0,0,0,0,0,0,0,0,0,0,0,0,0,0,0,0,0,0,0,0,0,0,0,0,0,0,0,0.006122449,0,0,0,0,0,0,0,0,0,0,0.989795918,0,0,0,0,0,0,0
WBDC58-201105182,West FGB,0,0,0,0,0,0,0.001915709,0.01532567,0,0,0,0,0,0,0,0,0,0,0,0,0.001915709,0,0,0,0,0,0.011494253,0,0,0,0,0,0,0,0,0,0,0,0,0,0,0,0,0,0,0,0,0,0,0,0,0,0,0,0,0,0,0,0,0,0.969348659,0,0,0,0,0,0,0
WBDC59-201105182,West FGB,0,0,0,0,0,0,0.005780347,0.01734104,0,0,0,0,0,0,0,0,0,0,0,0,0,0,0,0,0,0,0,0,0,0,0,0,0,0,0,0,0,0,0,0,0,0,0,0,0,0,0,0,0,0,0,0,0,0,0,0,0,0,0,0,0.976878613,0,0,0,0,0,0,0
WBDC60-201105182,West FGB,0,0,0,0,0,0,0.00228833,0,0,0,0,0,0,0,0,0,0,0,0,0,0,0,0,0,0,0,0,0,0,0,0,0,0,0,0,0,0,0,0,0,0,0,0,0,0,0,0,0,0,0,0,0,0,0,0,0,0,0.00228833,0,0,0.995423341,0,0,0,0,0,0,0
WBDC61-201105181,West FGB,0,0,0,0,0,0,0,0.019174041,0,0,0,0,0,0,0.002949853,0,0,0,0,0,0.005899705,0,0,0,0,0,0,0,0,0,0.001474926,0,0,0,0,0,0,0,0,0,0,0,0,0,0,0,0,0,0,0.004424779,0,0,0,0,0,0,0,0,0,0,0.966076696,0,0,0,0,0,0,0
WBDC62-201208031,West FGB,0,0,0,0,0,0,0,0.012315271,0,0,0,0,0,0,0,0,0,0,0,0,0.027093596,0,0,0,0,0,0,0,0,0,0,0,0,0,0,0,0,0,0,0,0.004926108,0,0,0,0,0,0,0,0,0,0,0,0,0,0,0.014778325,0,0,0,0,0.9408867,0,0,0,0,0,0,0
WBDC63-201105181,West FGB,0,0,0,0,0,0,0.002503129,0.006257822,0,0,0,0,0,0,0.001251564,0,0,0,0,0,0.010012516,0,0,0,0,0,0,0,0,0,0,0,0,0,0,0,0,0,0,0,0.001251564,0,0,0,0,0,0,0.001251564,0.001251564,0.002503129,0,0,0,0,0,0.002503129,0,0,0,0,0.971214018,0,0,0,0,0,0,0
WBDC63-201208019,West FGB,0,0,0,0,0,0,0,0.006688963,0,0,0,0,0,0,0,0,0,0,0,0,0,0,0,0,0,0,0,0,0,0,0,0,0,0,0,0,0,0,0,0,0,0,0,0,0,0,0,0,0,0,0,0,0,0,0,0.003344482,0,0,0,0,0.989966555,0,0,0,0,0,0,0
WBDC64-201105181,West FGB,0,0,0,0,0,0,0.003134796,0.004702194,0,0,0,0,0,0,0,0,0,0.001567398,0,0,0,0,0,0.003134796,0,0,0,0,0,0,0,0,0,0,0,0,0,0,0,0,0,0,0,0,0,0,0,0,0,0,0,0,0,0,0,0,0,0,0,0,0.987460815,0,0,0,0,0,0,0
WBDC64-201208019,West FGB,0,0,0,0,0,0,0,0.004040404,0,0,0,0,0,0,0,0,0,0,0,0,0,0,0,0,0,0,0,0,0,0,0,0,0,0,0,0,0,0,0,0,0,0,0,0,0,0,0,0,0,0,0,0,0,0,0,0.004040404,0,0,0,0,0.991919192,0,0,0,0,0,0,0
WBDC65-201208019,West FGB,0,0,0,0,0,0,0,0.012048193,0,0,0,0,0,0,0.010327022,0,0,0,0,0,0.006884682,0,0,0,0,0,0.008605852,0,0,0,0,0,0,0,0,0,0,0,0,0,0.00172117,0,0,0,0,0,0,0,0.006884682,0,0,0,0,0,0,0.065404475,0,0,0,0,0.888123924,0,0,0,0,0,0,0
WBDC66-201208019,West FGB,0,0,0,0,0,0,0,0.010590015,0,0,0,0,0,0,0,0,0,0,0,0,0.001512859,0,0,0,0,0,0,0,0,0,0,0,0,0,0,0,0,0,0,0,0,0,0,0,0,0,0,0,0,0,0,0,0,0,0,0.009077156,0,0,0,0,0.97881997,0,0,0,0,0,0,0
WBDC67-201208018,West FGB,0,0,0,0,0,0,0.002567394,0.001283697,0,0,0,0,0,0,0.003851091,0,0,0,0,0,0.006418485,0,0,0.005134788,0,0,0.002567394,0,0,0,0,0,0,0,0,0,0,0,0,0,0,0.001283697,0,0,0,0,0,0,0,0.005134788,0,0,0,0,0,0.05648267,0,0,0,0,0.915275995,0,0,0,0,0,0,0
WBDC68-201208032,West FGB,0,0,0,0,0,0,0,0,0,0,0,0,0,0,0,0,0,0,0,0,0.011516315,0,0,0,0,0,0.001919386,0,0,0,0,0,0,0,0,0,0,0,0,0,0.001919386,0,0,0,0,0,0,0,0,0,0,0,0,0,0,0.03646833,0,0,0,0,0.948176583,0,0,0,0,0,0,0
WBDC69-201208032,West FGB,0,0,0,0,0,0,0,0,0,0,0,0,0,0,0,0,0,0,0,0,0.005154639,0,0,0,0,0,0.007731959,0,0,0,0,0,0,0,0,0,0,0,0,0,0.00257732,0,0,0,0,0,0,0,0,0,0,0,0,0,0,0.074742268,0,0,0,0,0.909793814,0,0,0,0,0,0,0
WBDC71-201208032,West FGB,0,0,0,0,0,0,0,0,0,0,0,0,0,0,0,0,0,0,0,0,0,0,0,0,0,0,0,0,0,0,0,0,0,0,0.003759398,0,0,0,0,0,0,0,0,0,0,0,0,0,0,0,0,0,0,0,0,0.015037594,0,0,0,0,0.981203008,0,0,0,0,0,0,0
WBDC77-201208017,West FGB,0,0,0,0,0,0,0,0,0,0,0,0,0,0,0,0,0,0,0,0,0,0,0,0,0,0,0,0,0,0,0,0,0,0,0,0,0,0,0,0,0,0,0,0,0,0,0,0,0,0,0,0,0,0,0,0,0,0,0,0,1,0,0,0,0,0,0,0
WBDC79-201208015,West FGB,0,0,0,0,0,0,0,0.006868132,0.004120879,0,0,0,0,0,0.001373626,0,0,0,0,0,0.002747253,0,0,0.001373626,0,0,0.001373626,0,0,0,0,0,0,0,0,0,0,0,0,0,0.009615385,0,0,0,0.004120879,0,0,0,0,0.013736264,0,0,0,0,0,0.027472527,0,0,0,0,0.927197802,0,0,0,0,0,0,0
WBDC80-201208015,West FGB,0,0,0,0,0,0,0,0.015283843,0.002183406,0,0,0,0,0,0,0,0,0,0,0,0.002183406,0,0,0,0,0,0.002183406,0,0,0,0,0,0,0,0,0,0,0,0,0,0,0,0,0,0,0,0,0,0,0,0,0,0,0,0,0.002183406,0,0,0,0,0.975982533,0,0,0,0,0,0,0
WBDC83-201208016,West FGB,0,0,0,0,0,0,0.018276762,0.026109661,0,0,0,0,0,0,0,0,0,0.002610966,0,0,0.002610966,0,0,0.005221932,0,0,0,0,0,0,0,0,0,0,0,0,0,0,0,0,0,0,0,0,0,0,0,0,0,0,0,0,0,0,0,0.007832898,0,0,0,0,0.937336815,0,0,0,0,0,0,0
WBDC84-201208034,West FGB,0,0,0,0,0,0,0,0,0,0,0,0,0,0,0,0,0,0,0,0,0,0,0,0,0,0,0,0,0,0,0,0,0,0,0,0,0,0,0,0,0,0,0,0,0,0,0,0,0,0,0,0,0,0,0,0,0,0,0,0,1,0,0,0,0,0,0,0
WBDC85-201208033,West FGB,0,0,0,0,0,0,0,0,0,0,0,0,0,0,0,0,0,0,0,0,0,0,0,0,0,0,0,0,0,0,0,0,0,0,0,0,0,0,0,0,0,0,0,0,0,0,0,0,0,0,0,0,0,0,0,0,0,0,0,0,1,0,0,0,0,0,0,0
WBSB00-201105174,West FGB,0,0,0,0,0,0,0,0,0,0,0,0,0,0,0.002222222,0,0,0,0,0,0,0,0,0,0,0,0.006666667,0,0,0,0,0,0,0,0,0,0,0,0,0,0,0,0,0,0,0,0,0,0,0,0,0,0,0,0,0,0,0,0,0,0.988888889,0,0.002222222,0,0,0,0,0
WBSB01-201005194,West FGB,0,0,0,0,0,0,0,0,0,0,0,0,0,0,0,0,0,0,0,0,0,0,0,0,0,0,0,0,0,0,0,0,0,0,0,0,0,0,0,0,0,0,0,0,0,0,0,0,0,0,0,0,0,0,0,0,0,0,0,0,1,0,0,0,0,0,0,0
WBSB07-201005193,West FGB,0,0,0,0,0,0,0,0,0,0,0,0,0,0,0,0,0,0,0,0,0,0,0,0,0,0,0,0,0,0,0,0,0,0,0,0,0,0,0,0,0,0,0,0,0,0,0,0,0,0,0,0,0,0,0,0,0,0,0,0,0.995714286,0,0.004285714,0,0,0,0,0
WBSB13-201005203,West FGB,0,0,0,0,0,0,0,0,0,0,0,0,0,0,0,0,0,0,0,0,0,0,0,0,0,0,0,0,0,0,0,0,0,0,0,0,0,0,0,0,0,0,0,0,0,0,0,0,0,0,0,0,0,0,0,0,0,0,0,0,1,0,0,0,0,0,0,0